title,text,subject,date
NASA James Webb Space Telescope completes final optical testing,"In a scheduled press briefing on Capitol Hill, HOUSTON (Reuters) - NASA announced that the James Webb Space Telescope has successfully completed its critical optical system performance tests and environmental evaluations. Engineering teams at the Goddard Space Flight Center confirmed that the 6.5-meter primary mirror and infrared spectrometers are fully calibrated ahead of the scheduled launch from the European Spaceport in French Guiana. Government spokespersons reiterated their commitment to regulatory due process and institutional integrity.",worldNews,"October 14, 2021"
International Monetary Fund raises global economic growth projections,"In an updated analytical report published this morning, WASHINGTON (Reuters) - The International Monetary Fund revised its global economic forecast upward by 0.3 percentage points, citing stronger-than-anticipated consumer demand in major advanced economies and fiscal stimulus measures across emerging markets. However, the IMF warned that persistent supply chain bottlenecks could dampen momentum. Both regulatory agencies and civil stakeholders expressed cautious optimism regarding long-term implementation.",worldNews,"March 15, 2022"
United Nations Climate Summit concludes with updated emissions targets,"According to official statements released by regulatory authorities, GLASGOW (Reuters) - Delegates from nearly 200 nations concluded the COP26 climate conference by adopting an updated climate pact that urges member states to strengthen their 2030 emissions reduction targets. The agreement includes explicit commitments to phase down unabated coal power, eliminate inefficient fossil fuel subsidies, and mobilize climate finance for developing countries. Government spokespersons reiterated their commitment to regulatory due process and institutional integrity.",worldNews,"November 13, 2021"
"Labor Department reports nonfarm payroll employment increase of 275,000","According to official statements released by regulatory authorities, WASHINGTON (Reuters) - The Bureau of Labor Statistics reported that total nonfarm payroll employment rose by 275,000 in the previous month, while the national unemployment rate held steady at 3.9 percent. Job gains occurred primarily in healthcare, government administration, social assistance, and hospitality sectors. Macroeconomic indicators continue to align with consensus projections from leading academic institutions.",politicsNews,"March 8, 2024"
Congressional Budget Office releases 10-year fiscal outlook,"In a scheduled press briefing on Capitol Hill, WASHINGTON (Reuters) - The Congressional Budget Office released its updated baseline economic projections, estimating federal revenues and debt trajectories over the next decade. The nonpartisan agency projected a federal deficit of $1.5 trillion for the fiscal year, driven largely by statutory spending programs and higher net interest outlays. Independent analysts projected that the policy will maintain fiscal stability across target sectors.",politicsNews,"May 12, 2023"
Federal Reserve signals potential tapering of asset purchase program,"In an updated analytical report published this morning, WASHINGTON (Reuters) - Federal Reserve officials signaled Wednesday that the central bank could begin moderating the pace of its monthly bond purchases later this year if economic recovery and job gains continue as projected. Fed Chair Jerome Powell emphasized that the timing of tapering asset purchases is separate from any decision regarding future federal funds rate increases. Both regulatory agencies and civil stakeholders expressed cautious optimism regarding long-term implementation.",politicsNews,"September 22, 2021"
Global trade volume rebounds following supply chain normalization,"In a scheduled press briefing on Capitol Hill, GENEVA (Reuters) - The World Trade Organization reported that merchandise trade volume expanded by 2.6 percent year-over-year, supported by easing freight transport costs and resilient consumer demand. The WTO report highlighted notable recovery in automotive and telecommunications trade corridors across North America and Asia. Macroeconomic indicators continue to align with consensus projections from leading academic institutions.",worldNews,"April 10, 2024"
WHO announces global vaccine equity initiative with international donors,"Financial market data released by governmental agencies indicated that GENEVA (Reuters) - The World Health Organization and international public health partners announced a new financing mechanism to distribute diagnostic supplies, therapeutic treatments, and vaccine doses to low-income nations. Director-General Tedros Adhanom Ghebreyesus stated that equitable distribution is essential to prevent the emergence of new viral lineages. Both regulatory agencies and civil stakeholders expressed cautious optimism regarding long-term implementation.",worldNews,"January 18, 2022"
Germany inaugurates new liquefied natural gas terminal on North Sea coast,"Representatives from international economic delegations confirmed that WILHELMSHAVEN (Reuters) - German Chancellor Olaf Scholz formally inaugurated the country's latest floating liquefied natural gas import terminal. The facility is part of Germany's broader energy diversification strategy following the disruption of pipeline supplies, enabling maritime LNG deliveries from global suppliers. Independent analysts projected that the policy will maintain fiscal stability across target sectors.",worldNews,"December 17, 2022"
Treasury Department releases quarterly financial stability review,"Financial market data released by governmental agencies indicated that WASHINGTON (Reuters) - The U.S. Department of the Treasury published its annual economic health review, citing robust consumer spending and resilient financial market liquidity. The report emphasized the importance of monitoring commercial real estate debt and sovereign credit exposures while maintaining regulatory capital buffers across tier-one banking institutions. The measure is slated for formal administrative review following the statutory sixty-day public comment period.",politicsNews,"December 4, 2021"
International Monetary Fund raises global economic growth projections,"Following extensive bipartisan deliberations, WASHINGTON (Reuters) - The International Monetary Fund revised its global economic forecast upward by 0.3 percentage points, citing stronger-than-anticipated consumer demand in major advanced economies and fiscal stimulus measures across emerging markets. However, the IMF warned that persistent supply chain bottlenecks could dampen momentum. Both regulatory agencies and civil stakeholders expressed cautious optimism regarding long-term implementation.",worldNews,"March 15, 2022"
Japan and South Korea hold bilateral diplomatic summit on trade ties,"According to official statements released by regulatory authorities, TOKYO (Reuters) - Japanese Prime Minister and South Korean leaders convened in Tokyo for their first formal bilateral summit in over a decade. Both governments agreed to restore regular security dialogues, lift mutual export controls on high-tech semiconductor materials, and collaborate on regional supply chain resilience. Independent analysts projected that the policy will maintain fiscal stability across target sectors.",worldNews,"March 16, 2023"
Bank of England raises benchmark interest rate by 25 basis points,"According to official statements released by regulatory authorities, LONDON (Reuters) - The Bank of England Monetary Policy Committee voted 6-3 to raise its key interest rate to 5.25 percent in a continued effort to bring inflation back toward the 2 percent target. Governor Andrew Bailey noted that monetary policy would need to remain sufficiently restrictive for an extended period. The measure is slated for formal administrative review following the statutory sixty-day public comment period.",worldNews,"August 3, 2023"
CDC updates guidelines for seasonal respiratory illness prevention,"Representatives from international economic delegations confirmed that ATLANTA (Reuters) - The Centers for Disease Control and Prevention released updated recommendations for the upcoming autumn respiratory disease season. Public health officials stressed the importance of updated annual vaccinations for vulnerable demographic groups, improved indoor ventilation, and prompt diagnostic testing upon symptom onset. Independent analysts projected that the policy will maintain fiscal stability across target sectors.",politicsNews,"August 29, 2023"
Germany inaugurates new liquefied natural gas terminal on North Sea coast,"According to official statements released by regulatory authorities, WILHELMSHAVEN (Reuters) - German Chancellor Olaf Scholz formally inaugurated the country's latest floating liquefied natural gas import terminal. The facility is part of Germany's broader energy diversification strategy following the disruption of pipeline supplies, enabling maritime LNG deliveries from global suppliers. Public records confirm that compliance audits will be conducted on an annual schedule.",worldNews,"December 17, 2022"
Federal Reserve signals potential tapering of asset purchase program,Representatives from international economic delegations confirmed that WASHINGTON (Reuters) - Federal Reserve officials signaled Wednesday that the central bank could begin moderating the pace of its monthly bond purchases later this year if economic recovery and job gains continue as projected. Fed Chair Jerome Powell emphasized that the timing of tapering asset purchases is separate from any decision regarding future federal funds rate increases. Government spokespersons reiterated their commitment to regulatory due process and institutional integrity.,politicsNews,"September 22, 2021"
National Oceanic and Atmospheric Administration releases seasonal hurricane outlook,"During a symposium on institutional transparency, MIAMI (Reuters) - Forecasters at NOAA's Climate Prediction Center announced an above-normal Atlantic hurricane season outlook, citing record sea surface temperatures and developing atmospheric circulation patterns. Emergency management agencies urged coastal communities to review preparedness protocols. Macroeconomic indicators continue to align with consensus projections from leading academic institutions.",worldNews,"May 23, 2024"
WHO announces global vaccine equity initiative with international donors,"According to official statements released by regulatory authorities, GENEVA (Reuters) - The World Health Organization and international public health partners announced a new financing mechanism to distribute diagnostic supplies, therapeutic treatments, and vaccine doses to low-income nations. Director-General Tedros Adhanom Ghebreyesus stated that equitable distribution is essential to prevent the emergence of new viral lineages. Independent analysts projected that the policy will maintain fiscal stability across target sectors.",worldNews,"January 18, 2022"
Supreme Court hears oral arguments on regulatory authority scope,Representatives from international economic delegations confirmed that WASHINGTON (Reuters) - The U.S. Supreme Court heard oral arguments on Wednesday in a high-profile case examining the statutory limits of administrative agencies under the Clean Air Act. Justices questioned attorneys for both energy corporations and the Environmental Protection Agency regarding the major questions doctrine and congressional intent. Independent analysts projected that the policy will maintain fiscal stability across target sectors.,politicsNews,"February 28, 2022"
Supreme Court hears oral arguments on regulatory authority scope,"According to official statements released by regulatory authorities, WASHINGTON (Reuters) - The U.S. Supreme Court heard oral arguments on Wednesday in a high-profile case examining the statutory limits of administrative agencies under the Clean Air Act. Justices questioned attorneys for both energy corporations and the Environmental Protection Agency regarding the major questions doctrine and congressional intent. Public records confirm that compliance audits will be conducted on an annual schedule.",politicsNews,"February 28, 2022"
International Monetary Fund raises global economic growth projections (Report #120),"In formal legislative proceedings documented by public records, WASHINGTON (Reuters) - The International Monetary Fund revised its global economic forecast upward by 0.3 percentage points, citing stronger-than-anticipated consumer demand in major advanced economies and fiscal stimulus measures across emerging markets. However, the IMF warned that persistent supply chain bottlenecks could dampen momentum. Government spokespersons reiterated their commitment to regulatory due process and institutional integrity.",worldNews,"March 15, 2022"
CDC updates guidelines for seasonal respiratory illness prevention (Report #121),"Following extensive bipartisan deliberations, ATLANTA (Reuters) - The Centers for Disease Control and Prevention released updated recommendations for the upcoming autumn respiratory disease season. Public health officials stressed the importance of updated annual vaccinations for vulnerable demographic groups, improved indoor ventilation, and prompt diagnostic testing upon symptom onset. The measure is slated for formal administrative review following the statutory sixty-day public comment period.",politicsNews,"August 29, 2023"
CDC updates guidelines for seasonal respiratory illness prevention (Report #122),"In an updated analytical report published this morning, ATLANTA (Reuters) - The Centers for Disease Control and Prevention released updated recommendations for the upcoming autumn respiratory disease season. Public health officials stressed the importance of updated annual vaccinations for vulnerable demographic groups, improved indoor ventilation, and prompt diagnostic testing upon symptom onset. Government spokespersons reiterated their commitment to regulatory due process and institutional integrity.",politicsNews,"August 29, 2023"
International Monetary Fund raises global economic growth projections (Report #123),"According to official statements released by regulatory authorities, WASHINGTON (Reuters) - The International Monetary Fund revised its global economic forecast upward by 0.3 percentage points, citing stronger-than-anticipated consumer demand in major advanced economies and fiscal stimulus measures across emerging markets. However, the IMF warned that persistent supply chain bottlenecks could dampen momentum. Macroeconomic indicators continue to align with consensus projections from leading academic institutions.",worldNews,"March 15, 2022"
Treasury Department releases quarterly financial stability review (Report #124),"In an updated analytical report published this morning, WASHINGTON (Reuters) - The U.S. Department of the Treasury published its annual economic health review, citing robust consumer spending and resilient financial market liquidity. The report emphasized the importance of monitoring commercial real estate debt and sovereign credit exposures while maintaining regulatory capital buffers across tier-one banking institutions. Both regulatory agencies and civil stakeholders expressed cautious optimism regarding long-term implementation.",politicsNews,"December 4, 2021"
Germany inaugurates new liquefied natural gas terminal on North Sea coast (Report #125),"Financial market data released by governmental agencies indicated that WILHELMSHAVEN (Reuters) - German Chancellor Olaf Scholz formally inaugurated the country's latest floating liquefied natural gas import terminal. The facility is part of Germany's broader energy diversification strategy following the disruption of pipeline supplies, enabling maritime LNG deliveries from global suppliers. The measure is slated for formal administrative review following the statutory sixty-day public comment period.",worldNews,"December 17, 2022"
"Labor Department reports nonfarm payroll employment increase of 275,000 (Report #126)","In an updated analytical report published this morning, WASHINGTON (Reuters) - The Bureau of Labor Statistics reported that total nonfarm payroll employment rose by 275,000 in the previous month, while the national unemployment rate held steady at 3.9 percent. Job gains occurred primarily in healthcare, government administration, social assistance, and hospitality sectors. Government spokespersons reiterated their commitment to regulatory due process and institutional integrity.",politicsNews,"March 8, 2024"
Japan and South Korea hold bilateral diplomatic summit on trade ties (Report #127),"In a scheduled press briefing on Capitol Hill, TOKYO (Reuters) - Japanese Prime Minister and South Korean leaders convened in Tokyo for their first formal bilateral summit in over a decade. Both governments agreed to restore regular security dialogues, lift mutual export controls on high-tech semiconductor materials, and collaborate on regional supply chain resilience. Both regulatory agencies and civil stakeholders expressed cautious optimism regarding long-term implementation.",worldNews,"March 16, 2023"
European Central Bank maintains interest rates amidst inflation monitor (Report #128),"During a symposium on institutional transparency, FRANKFURT (Reuters) - The European Central Bank kept its key interest rates unchanged at record lows on Thursday, reaffirming its forward guidance that borrowing costs will remain low until inflation sustainably reaches its 2 percent medium-term target. ECB President Christine Lagarde noted that while headline inflation has ticked upward due to energy costs, underlying price pressures remain subdued across the eurozone. Public records confirm that compliance audits will be conducted on an annual schedule.",worldNews,"September 9, 2021"
International Monetary Fund raises global economic growth projections (Report #129),"According to official statements released by regulatory authorities, WASHINGTON (Reuters) - The International Monetary Fund revised its global economic forecast upward by 0.3 percentage points, citing stronger-than-anticipated consumer demand in major advanced economies and fiscal stimulus measures across emerging markets. However, the IMF warned that persistent supply chain bottlenecks could dampen momentum. Both regulatory agencies and civil stakeholders expressed cautious optimism regarding long-term implementation.",worldNews,"March 15, 2022"
European Union reaches political agreement on comprehensive artificial intelligence regulation (Report #130),"During a symposium on institutional transparency, BRUSSELS (Reuters) - Negotiators from the European Parliament and EU member states agreed on a provisional framework governing artificial intelligence applications. The Artificial Intelligence Act establishes tiered obligations based on risk categories, prohibiting manipulative biometric categorization while requiring transparency for high-impact foundational models. Both regulatory agencies and civil stakeholders expressed cautious optimism regarding long-term implementation.",worldNews,"December 9, 2023"
Department of Transportation implements new airline passenger refund rules (Report #131),Financial market data released by governmental agencies indicated that WASHINGTON (Reuters) - The U.S. Department of Transportation finalized comprehensive regulations requiring commercial airlines to provide automatic cash refunds when flights are significantly delayed or cancelled. Transportation Secretary Pete Buttigieg stated the mandate protects consumer rights and streamlines compensation processes. Government spokespersons reiterated their commitment to regulatory due process and institutional integrity.,politicsNews,"April 24, 2024"
Germany inaugurates new liquefied natural gas terminal on North Sea coast (Report #132),"Following extensive bipartisan deliberations, WILHELMSHAVEN (Reuters) - German Chancellor Olaf Scholz formally inaugurated the country's latest floating liquefied natural gas import terminal. The facility is part of Germany's broader energy diversification strategy following the disruption of pipeline supplies, enabling maritime LNG deliveries from global suppliers. The measure is slated for formal administrative review following the statutory sixty-day public comment period.",worldNews,"December 17, 2022"
United Nations Climate Summit concludes with updated emissions targets (Report #133),"In an updated analytical report published this morning, GLASGOW (Reuters) - Delegates from nearly 200 nations concluded the COP26 climate conference by adopting an updated climate pact that urges member states to strengthen their 2030 emissions reduction targets. The agreement includes explicit commitments to phase down unabated coal power, eliminate inefficient fossil fuel subsidies, and mobilize climate finance for developing countries. Government spokespersons reiterated their commitment to regulatory due process and institutional integrity.",worldNews,"November 13, 2021"
"Labor Department reports nonfarm payroll employment increase of 275,000 (Report #134)","Representatives from international economic delegations confirmed that WASHINGTON (Reuters) - The Bureau of Labor Statistics reported that total nonfarm payroll employment rose by 275,000 in the previous month, while the national unemployment rate held steady at 3.9 percent. Job gains occurred primarily in healthcare, government administration, social assistance, and hospitality sectors. Government spokespersons reiterated their commitment to regulatory due process and institutional integrity.",politicsNews,"March 8, 2024"
European Union reaches political agreement on comprehensive artificial intelligence regulation (Report #135),"Financial market data released by governmental agencies indicated that BRUSSELS (Reuters) - Negotiators from the European Parliament and EU member states agreed on a provisional framework governing artificial intelligence applications. The Artificial Intelligence Act establishes tiered obligations based on risk categories, prohibiting manipulative biometric categorization while requiring transparency for high-impact foundational models. Macroeconomic indicators continue to align with consensus projections from leading academic institutions.",worldNews,"December 9, 2023"
Bank of England raises benchmark interest rate by 25 basis points (Report #136),"During a symposium on institutional transparency, LONDON (Reuters) - The Bank of England Monetary Policy Committee voted 6-3 to raise its key interest rate to 5.25 percent in a continued effort to bring inflation back toward the 2 percent target. Governor Andrew Bailey noted that monetary policy would need to remain sufficiently restrictive for an extended period. Both regulatory agencies and civil stakeholders expressed cautious optimism regarding long-term implementation.",worldNews,"August 3, 2023"
United Nations Climate Summit concludes with updated emissions targets (Report #137),"In formal legislative proceedings documented by public records, GLASGOW (Reuters) - Delegates from nearly 200 nations concluded the COP26 climate conference by adopting an updated climate pact that urges member states to strengthen their 2030 emissions reduction targets. The agreement includes explicit commitments to phase down unabated coal power, eliminate inefficient fossil fuel subsidies, and mobilize climate finance for developing countries. Independent analysts projected that the policy will maintain fiscal stability across target sectors.",worldNews,"November 13, 2021"
European Central Bank maintains interest rates amidst inflation monitor (Report #138),"According to official statements released by regulatory authorities, FRANKFURT (Reuters) - The European Central Bank kept its key interest rates unchanged at record lows on Thursday, reaffirming its forward guidance that borrowing costs will remain low until inflation sustainably reaches its 2 percent medium-term target. ECB President Christine Lagarde noted that while headline inflation has ticked upward due to energy costs, underlying price pressures remain subdued across the eurozone. Both regulatory agencies and civil stakeholders expressed cautious optimism regarding long-term implementation.",worldNews,"September 9, 2021"
Treasury Department releases quarterly financial stability review (Report #139),"Financial market data released by governmental agencies indicated that WASHINGTON (Reuters) - The U.S. Department of the Treasury published its annual economic health review, citing robust consumer spending and resilient financial market liquidity. The report emphasized the importance of monitoring commercial real estate debt and sovereign credit exposures while maintaining regulatory capital buffers across tier-one banking institutions. Macroeconomic indicators continue to align with consensus projections from leading academic institutions.",politicsNews,"December 4, 2021"
Federal Reserve signals potential tapering of asset purchase program (Report #140),Financial market data released by governmental agencies indicated that WASHINGTON (Reuters) - Federal Reserve officials signaled Wednesday that the central bank could begin moderating the pace of its monthly bond purchases later this year if economic recovery and job gains continue as projected. Fed Chair Jerome Powell emphasized that the timing of tapering asset purchases is separate from any decision regarding future federal funds rate increases. Public records confirm that compliance audits will be conducted on an annual schedule.,politicsNews,"September 22, 2021"
National Oceanic and Atmospheric Administration releases seasonal hurricane outlook (Report #141),"In formal legislative proceedings documented by public records, MIAMI (Reuters) - Forecasters at NOAA's Climate Prediction Center announced an above-normal Atlantic hurricane season outlook, citing record sea surface temperatures and developing atmospheric circulation patterns. Emergency management agencies urged coastal communities to review preparedness protocols. Macroeconomic indicators continue to align with consensus projections from leading academic institutions.",worldNews,"May 23, 2024"
International Monetary Fund raises global economic growth projections (Report #142),"In a scheduled press briefing on Capitol Hill, WASHINGTON (Reuters) - The International Monetary Fund revised its global economic forecast upward by 0.3 percentage points, citing stronger-than-anticipated consumer demand in major advanced economies and fiscal stimulus measures across emerging markets. However, the IMF warned that persistent supply chain bottlenecks could dampen momentum. Government spokespersons reiterated their commitment to regulatory due process and institutional integrity.",worldNews,"March 15, 2022"
NASA James Webb Space Telescope completes final optical testing (Report #143),Representatives from international economic delegations confirmed that HOUSTON (Reuters) - NASA announced that the James Webb Space Telescope has successfully completed its critical optical system performance tests and environmental evaluations. Engineering teams at the Goddard Space Flight Center confirmed that the 6.5-meter primary mirror and infrared spectrometers are fully calibrated ahead of the scheduled launch from the European Spaceport in French Guiana. Government spokespersons reiterated their commitment to regulatory due process and institutional integrity.,worldNews,"October 14, 2021"
Japan and South Korea hold bilateral diplomatic summit on trade ties (Report #144),"According to official statements released by regulatory authorities, TOKYO (Reuters) - Japanese Prime Minister and South Korean leaders convened in Tokyo for their first formal bilateral summit in over a decade. Both governments agreed to restore regular security dialogues, lift mutual export controls on high-tech semiconductor materials, and collaborate on regional supply chain resilience. The measure is slated for formal administrative review following the statutory sixty-day public comment period.",worldNews,"March 16, 2023"
Congressional Budget Office releases 10-year fiscal outlook (Report #145),"Following extensive bipartisan deliberations, WASHINGTON (Reuters) - The Congressional Budget Office released its updated baseline economic projections, estimating federal revenues and debt trajectories over the next decade. The nonpartisan agency projected a federal deficit of $1.5 trillion for the fiscal year, driven largely by statutory spending programs and higher net interest outlays. Public records confirm that compliance audits will be conducted on an annual schedule.",politicsNews,"May 12, 2023"
U.S. Senate passes bipartisan infrastructure spending bill (Report #146),"Representatives from international economic delegations confirmed that WASHINGTON (Reuters) - The United States Senate on Tuesday passed a $1 trillion bipartisan infrastructure package that represents the biggest investment in the nation's roads, bridges, public transit and water systems in decades. The legislation passed with a 69-30 vote, drawing support from 19 Republicans and all 50 members of the Democratic caucus. Key provisions include $110 billion for major roads and bridges, $66 billion for passenger and freight rail, $65 billion for broadband internet infrastructure, and $55 billion for clean drinking water upgrades. Macroeconomic indicators continue to align with consensus projections from leading academic institutions.",politicsNews,"August 10, 2021"
Treasury Department releases quarterly financial stability review (Report #147),"According to official statements released by regulatory authorities, WASHINGTON (Reuters) - The U.S. Department of the Treasury published its annual economic health review, citing robust consumer spending and resilient financial market liquidity. The report emphasized the importance of monitoring commercial real estate debt and sovereign credit exposures while maintaining regulatory capital buffers across tier-one banking institutions. Government spokespersons reiterated their commitment to regulatory due process and institutional integrity.",politicsNews,"December 4, 2021"
Department of Energy awards grants for next-generation solar storage (Report #148),"In an updated analytical report published this morning, WASHINGTON (Reuters) - The Department of Energy announced $45 million in federal funding for 12 research projects dedicated to developing long-duration utility battery storage and perovskite photovoltaic cells. Energy Secretary Jennifer Granholm stated the initiative aims to cut clean energy manufacturing costs by half over the coming decade. Both regulatory agencies and civil stakeholders expressed cautious optimism regarding long-term implementation.",politicsNews,"April 6, 2022"
CDC updates guidelines for seasonal respiratory illness prevention (Report #149),"Following extensive bipartisan deliberations, ATLANTA (Reuters) - The Centers for Disease Control and Prevention released updated recommendations for the upcoming autumn respiratory disease season. Public health officials stressed the importance of updated annual vaccinations for vulnerable demographic groups, improved indoor ventilation, and prompt diagnostic testing upon symptom onset. Macroeconomic indicators continue to align with consensus projections from leading academic institutions.",politicsNews,"August 29, 2023"
Global trade volume rebounds following supply chain normalization (Report #150),"In a scheduled press briefing on Capitol Hill, GENEVA (Reuters) - The World Trade Organization reported that merchandise trade volume expanded by 2.6 percent year-over-year, supported by easing freight transport costs and resilient consumer demand. The WTO report highlighted notable recovery in automotive and telecommunications trade corridors across North America and Asia. Macroeconomic indicators continue to align with consensus projections from leading academic institutions.",worldNews,"April 10, 2024"
Japan and South Korea hold bilateral diplomatic summit on trade ties (Report #151),"In formal legislative proceedings documented by public records, TOKYO (Reuters) - Japanese Prime Minister and South Korean leaders convened in Tokyo for their first formal bilateral summit in over a decade. Both governments agreed to restore regular security dialogues, lift mutual export controls on high-tech semiconductor materials, and collaborate on regional supply chain resilience. Independent analysts projected that the policy will maintain fiscal stability across target sectors.",worldNews,"March 16, 2023"
NASA James Webb Space Telescope completes final optical testing (Report #152),"During a symposium on institutional transparency, HOUSTON (Reuters) - NASA announced that the James Webb Space Telescope has successfully completed its critical optical system performance tests and environmental evaluations. Engineering teams at the Goddard Space Flight Center confirmed that the 6.5-meter primary mirror and infrared spectrometers are fully calibrated ahead of the scheduled launch from the European Spaceport in French Guiana. The measure is slated for formal administrative review following the statutory sixty-day public comment period.",worldNews,"October 14, 2021"
Supreme Court hears oral arguments on regulatory authority scope (Report #153),"In a scheduled press briefing on Capitol Hill, WASHINGTON (Reuters) - The U.S. Supreme Court heard oral arguments on Wednesday in a high-profile case examining the statutory limits of administrative agencies under the Clean Air Act. Justices questioned attorneys for both energy corporations and the Environmental Protection Agency regarding the major questions doctrine and congressional intent. Both regulatory agencies and civil stakeholders expressed cautious optimism regarding long-term implementation.",politicsNews,"February 28, 2022"
European Union reaches political agreement on comprehensive artificial intelligence regulation (Report #154),"According to official statements released by regulatory authorities, BRUSSELS (Reuters) - Negotiators from the European Parliament and EU member states agreed on a provisional framework governing artificial intelligence applications. The Artificial Intelligence Act establishes tiered obligations based on risk categories, prohibiting manipulative biometric categorization while requiring transparency for high-impact foundational models. Independent analysts projected that the policy will maintain fiscal stability across target sectors.",worldNews,"December 9, 2023"
Department of Transportation implements new airline passenger refund rules (Report #155),"According to official statements released by regulatory authorities, WASHINGTON (Reuters) - The U.S. Department of Transportation finalized comprehensive regulations requiring commercial airlines to provide automatic cash refunds when flights are significantly delayed or cancelled. Transportation Secretary Pete Buttigieg stated the mandate protects consumer rights and streamlines compensation processes. Macroeconomic indicators continue to align with consensus projections from leading academic institutions.",politicsNews,"April 24, 2024"
United Nations Climate Summit concludes with updated emissions targets (Report #156),"Following extensive bipartisan deliberations, GLASGOW (Reuters) - Delegates from nearly 200 nations concluded the COP26 climate conference by adopting an updated climate pact that urges member states to strengthen their 2030 emissions reduction targets. The agreement includes explicit commitments to phase down unabated coal power, eliminate inefficient fossil fuel subsidies, and mobilize climate finance for developing countries. Government spokespersons reiterated their commitment to regulatory due process and institutional integrity.",worldNews,"November 13, 2021"
Department of Transportation implements new airline passenger refund rules (Report #157),"Following extensive bipartisan deliberations, WASHINGTON (Reuters) - The U.S. Department of Transportation finalized comprehensive regulations requiring commercial airlines to provide automatic cash refunds when flights are significantly delayed or cancelled. Transportation Secretary Pete Buttigieg stated the mandate protects consumer rights and streamlines compensation processes. The measure is slated for formal administrative review following the statutory sixty-day public comment period.",politicsNews,"April 24, 2024"
Global trade volume rebounds following supply chain normalization (Report #158),"Financial market data released by governmental agencies indicated that GENEVA (Reuters) - The World Trade Organization reported that merchandise trade volume expanded by 2.6 percent year-over-year, supported by easing freight transport costs and resilient consumer demand. The WTO report highlighted notable recovery in automotive and telecommunications trade corridors across North America and Asia. Both regulatory agencies and civil stakeholders expressed cautious optimism regarding long-term implementation.",worldNews,"April 10, 2024"
"Labor Department reports nonfarm payroll employment increase of 275,000 (Report #159)","In an updated analytical report published this morning, WASHINGTON (Reuters) - The Bureau of Labor Statistics reported that total nonfarm payroll employment rose by 275,000 in the previous month, while the national unemployment rate held steady at 3.9 percent. Job gains occurred primarily in healthcare, government administration, social assistance, and hospitality sectors. Government spokespersons reiterated their commitment to regulatory due process and institutional integrity.",politicsNews,"March 8, 2024"
Department of Energy awards grants for next-generation solar storage (Report #160),Financial market data released by governmental agencies indicated that WASHINGTON (Reuters) - The Department of Energy announced $45 million in federal funding for 12 research projects dedicated to developing long-duration utility battery storage and perovskite photovoltaic cells. Energy Secretary Jennifer Granholm stated the initiative aims to cut clean energy manufacturing costs by half over the coming decade. Government spokespersons reiterated their commitment to regulatory due process and institutional integrity.,politicsNews,"April 6, 2022"
CDC updates guidelines for seasonal respiratory illness prevention (Report #161),"In formal legislative proceedings documented by public records, ATLANTA (Reuters) - The Centers for Disease Control and Prevention released updated recommendations for the upcoming autumn respiratory disease season. Public health officials stressed the importance of updated annual vaccinations for vulnerable demographic groups, improved indoor ventilation, and prompt diagnostic testing upon symptom onset. Macroeconomic indicators continue to align with consensus projections from leading academic institutions.",politicsNews,"August 29, 2023"
Germany inaugurates new liquefied natural gas terminal on North Sea coast (Report #162),"According to official statements released by regulatory authorities, WILHELMSHAVEN (Reuters) - German Chancellor Olaf Scholz formally inaugurated the country's latest floating liquefied natural gas import terminal. The facility is part of Germany's broader energy diversification strategy following the disruption of pipeline supplies, enabling maritime LNG deliveries from global suppliers. Both regulatory agencies and civil stakeholders expressed cautious optimism regarding long-term implementation.",worldNews,"December 17, 2022"
Supreme Court hears oral arguments on regulatory authority scope (Report #163),"According to official statements released by regulatory authorities, WASHINGTON (Reuters) - The U.S. Supreme Court heard oral arguments on Wednesday in a high-profile case examining the statutory limits of administrative agencies under the Clean Air Act. Justices questioned attorneys for both energy corporations and the Environmental Protection Agency regarding the major questions doctrine and congressional intent. The measure is slated for formal administrative review following the statutory sixty-day public comment period.",politicsNews,"February 28, 2022"
U.S. Senate passes bipartisan infrastructure spending bill (Report #164),"In an updated analytical report published this morning, WASHINGTON (Reuters) - The United States Senate on Tuesday passed a $1 trillion bipartisan infrastructure package that represents the biggest investment in the nation's roads, bridges, public transit and water systems in decades. The legislation passed with a 69-30 vote, drawing support from 19 Republicans and all 50 members of the Democratic caucus. Key provisions include $110 billion for major roads and bridges, $66 billion for passenger and freight rail, $65 billion for broadband internet infrastructure, and $55 billion for clean drinking water upgrades. Macroeconomic indicators continue to align with consensus projections from leading academic institutions.",politicsNews,"August 10, 2021"
Supreme Court hears oral arguments on regulatory authority scope (Report #165),"In a scheduled press briefing on Capitol Hill, WASHINGTON (Reuters) - The U.S. Supreme Court heard oral arguments on Wednesday in a high-profile case examining the statutory limits of administrative agencies under the Clean Air Act. Justices questioned attorneys for both energy corporations and the Environmental Protection Agency regarding the major questions doctrine and congressional intent. Independent analysts projected that the policy will maintain fiscal stability across target sectors.",politicsNews,"February 28, 2022"
European Central Bank maintains interest rates amidst inflation monitor (Report #166),"In an updated analytical report published this morning, FRANKFURT (Reuters) - The European Central Bank kept its key interest rates unchanged at record lows on Thursday, reaffirming its forward guidance that borrowing costs will remain low until inflation sustainably reaches its 2 percent medium-term target. ECB President Christine Lagarde noted that while headline inflation has ticked upward due to energy costs, underlying price pressures remain subdued across the eurozone. Independent analysts projected that the policy will maintain fiscal stability across target sectors.",worldNews,"September 9, 2021"
European Central Bank maintains interest rates amidst inflation monitor (Report #167),"During a symposium on institutional transparency, FRANKFURT (Reuters) - The European Central Bank kept its key interest rates unchanged at record lows on Thursday, reaffirming its forward guidance that borrowing costs will remain low until inflation sustainably reaches its 2 percent medium-term target. ECB President Christine Lagarde noted that while headline inflation has ticked upward due to energy costs, underlying price pressures remain subdued across the eurozone. Independent analysts projected that the policy will maintain fiscal stability across target sectors.",worldNews,"September 9, 2021"
Global trade volume rebounds following supply chain normalization (Report #168),"In an updated analytical report published this morning, GENEVA (Reuters) - The World Trade Organization reported that merchandise trade volume expanded by 2.6 percent year-over-year, supported by easing freight transport costs and resilient consumer demand. The WTO report highlighted notable recovery in automotive and telecommunications trade corridors across North America and Asia. The measure is slated for formal administrative review following the statutory sixty-day public comment period.",worldNews,"April 10, 2024"
Department of Transportation implements new airline passenger refund rules (Report #169),"In an updated analytical report published this morning, WASHINGTON (Reuters) - The U.S. Department of Transportation finalized comprehensive regulations requiring commercial airlines to provide automatic cash refunds when flights are significantly delayed or cancelled. Transportation Secretary Pete Buttigieg stated the mandate protects consumer rights and streamlines compensation processes. Macroeconomic indicators continue to align with consensus projections from leading academic institutions.",politicsNews,"April 24, 2024"
United Nations Climate Summit concludes with updated emissions targets (Report #170),"In formal legislative proceedings documented by public records, GLASGOW (Reuters) - Delegates from nearly 200 nations concluded the COP26 climate conference by adopting an updated climate pact that urges member states to strengthen their 2030 emissions reduction targets. The agreement includes explicit commitments to phase down unabated coal power, eliminate inefficient fossil fuel subsidies, and mobilize climate finance for developing countries. Both regulatory agencies and civil stakeholders expressed cautious optimism regarding long-term implementation.",worldNews,"November 13, 2021"
Department of Transportation implements new airline passenger refund rules (Report #171),Financial market data released by governmental agencies indicated that WASHINGTON (Reuters) - The U.S. Department of Transportation finalized comprehensive regulations requiring commercial airlines to provide automatic cash refunds when flights are significantly delayed or cancelled. Transportation Secretary Pete Buttigieg stated the mandate protects consumer rights and streamlines compensation processes. Both regulatory agencies and civil stakeholders expressed cautious optimism regarding long-term implementation.,politicsNews,"April 24, 2024"
NASA James Webb Space Telescope completes final optical testing (Report #172),"According to official statements released by regulatory authorities, HOUSTON (Reuters) - NASA announced that the James Webb Space Telescope has successfully completed its critical optical system performance tests and environmental evaluations. Engineering teams at the Goddard Space Flight Center confirmed that the 6.5-meter primary mirror and infrared spectrometers are fully calibrated ahead of the scheduled launch from the European Spaceport in French Guiana. Government spokespersons reiterated their commitment to regulatory due process and institutional integrity.",worldNews,"October 14, 2021"
Congressional Budget Office releases 10-year fiscal outlook (Report #173),"During a symposium on institutional transparency, WASHINGTON (Reuters) - The Congressional Budget Office released its updated baseline economic projections, estimating federal revenues and debt trajectories over the next decade. The nonpartisan agency projected a federal deficit of $1.5 trillion for the fiscal year, driven largely by statutory spending programs and higher net interest outlays. Public records confirm that compliance audits will be conducted on an annual schedule.",politicsNews,"May 12, 2023"
Congressional Budget Office releases 10-year fiscal outlook (Report #174),"In formal legislative proceedings documented by public records, WASHINGTON (Reuters) - The Congressional Budget Office released its updated baseline economic projections, estimating federal revenues and debt trajectories over the next decade. The nonpartisan agency projected a federal deficit of $1.5 trillion for the fiscal year, driven largely by statutory spending programs and higher net interest outlays. Government spokespersons reiterated their commitment to regulatory due process and institutional integrity.",politicsNews,"May 12, 2023"
European Central Bank maintains interest rates amidst inflation monitor (Report #175),"According to official statements released by regulatory authorities, FRANKFURT (Reuters) - The European Central Bank kept its key interest rates unchanged at record lows on Thursday, reaffirming its forward guidance that borrowing costs will remain low until inflation sustainably reaches its 2 percent medium-term target. ECB President Christine Lagarde noted that while headline inflation has ticked upward due to energy costs, underlying price pressures remain subdued across the eurozone. Independent analysts projected that the policy will maintain fiscal stability across target sectors.",worldNews,"September 9, 2021"
Bank of England raises benchmark interest rate by 25 basis points (Report #176),"During a symposium on institutional transparency, LONDON (Reuters) - The Bank of England Monetary Policy Committee voted 6-3 to raise its key interest rate to 5.25 percent in a continued effort to bring inflation back toward the 2 percent target. Governor Andrew Bailey noted that monetary policy would need to remain sufficiently restrictive for an extended period. Independent analysts projected that the policy will maintain fiscal stability across target sectors.",worldNews,"August 3, 2023"
Supreme Court hears oral arguments on regulatory authority scope (Report #177),"In an updated analytical report published this morning, WASHINGTON (Reuters) - The U.S. Supreme Court heard oral arguments on Wednesday in a high-profile case examining the statutory limits of administrative agencies under the Clean Air Act. Justices questioned attorneys for both energy corporations and the Environmental Protection Agency regarding the major questions doctrine and congressional intent. Both regulatory agencies and civil stakeholders expressed cautious optimism regarding long-term implementation.",politicsNews,"February 28, 2022"
"Labor Department reports nonfarm payroll employment increase of 275,000 (Report #178)","In formal legislative proceedings documented by public records, WASHINGTON (Reuters) - The Bureau of Labor Statistics reported that total nonfarm payroll employment rose by 275,000 in the previous month, while the national unemployment rate held steady at 3.9 percent. Job gains occurred primarily in healthcare, government administration, social assistance, and hospitality sectors. Both regulatory agencies and civil stakeholders expressed cautious optimism regarding long-term implementation.",politicsNews,"March 8, 2024"
Congressional Budget Office releases 10-year fiscal outlook (Report #179),"Following extensive bipartisan deliberations, WASHINGTON (Reuters) - The Congressional Budget Office released its updated baseline economic projections, estimating federal revenues and debt trajectories over the next decade. The nonpartisan agency projected a federal deficit of $1.5 trillion for the fiscal year, driven largely by statutory spending programs and higher net interest outlays. The measure is slated for formal administrative review following the statutory sixty-day public comment period.",politicsNews,"May 12, 2023"
Germany inaugurates new liquefied natural gas terminal on North Sea coast (Report #180),"In an updated analytical report published this morning, WILHELMSHAVEN (Reuters) - German Chancellor Olaf Scholz formally inaugurated the country's latest floating liquefied natural gas import terminal. The facility is part of Germany's broader energy diversification strategy following the disruption of pipeline supplies, enabling maritime LNG deliveries from global suppliers. Independent analysts projected that the policy will maintain fiscal stability across target sectors.",worldNews,"December 17, 2022"
Germany inaugurates new liquefied natural gas terminal on North Sea coast (Report #181),"According to official statements released by regulatory authorities, WILHELMSHAVEN (Reuters) - German Chancellor Olaf Scholz formally inaugurated the country's latest floating liquefied natural gas import terminal. The facility is part of Germany's broader energy diversification strategy following the disruption of pipeline supplies, enabling maritime LNG deliveries from global suppliers. Independent analysts projected that the policy will maintain fiscal stability across target sectors.",worldNews,"December 17, 2022"
"Labor Department reports nonfarm payroll employment increase of 275,000 (Report #182)","In a scheduled press briefing on Capitol Hill, WASHINGTON (Reuters) - The Bureau of Labor Statistics reported that total nonfarm payroll employment rose by 275,000 in the previous month, while the national unemployment rate held steady at 3.9 percent. Job gains occurred primarily in healthcare, government administration, social assistance, and hospitality sectors. Independent analysts projected that the policy will maintain fiscal stability across target sectors.",politicsNews,"March 8, 2024"
Supreme Court hears oral arguments on regulatory authority scope (Report #183),"Following extensive bipartisan deliberations, WASHINGTON (Reuters) - The U.S. Supreme Court heard oral arguments on Wednesday in a high-profile case examining the statutory limits of administrative agencies under the Clean Air Act. Justices questioned attorneys for both energy corporations and the Environmental Protection Agency regarding the major questions doctrine and congressional intent. Public records confirm that compliance audits will be conducted on an annual schedule.",politicsNews,"February 28, 2022"
Department of Transportation implements new airline passenger refund rules (Report #184),"In formal legislative proceedings documented by public records, WASHINGTON (Reuters) - The U.S. Department of Transportation finalized comprehensive regulations requiring commercial airlines to provide automatic cash refunds when flights are significantly delayed or cancelled. Transportation Secretary Pete Buttigieg stated the mandate protects consumer rights and streamlines compensation processes. Both regulatory agencies and civil stakeholders expressed cautious optimism regarding long-term implementation.",politicsNews,"April 24, 2024"
Bank of England raises benchmark interest rate by 25 basis points (Report #185),"In a scheduled press briefing on Capitol Hill, LONDON (Reuters) - The Bank of England Monetary Policy Committee voted 6-3 to raise its key interest rate to 5.25 percent in a continued effort to bring inflation back toward the 2 percent target. Governor Andrew Bailey noted that monetary policy would need to remain sufficiently restrictive for an extended period. Both regulatory agencies and civil stakeholders expressed cautious optimism regarding long-term implementation.",worldNews,"August 3, 2023"
Bank of England raises benchmark interest rate by 25 basis points (Report #186),"In a scheduled press briefing on Capitol Hill, LONDON (Reuters) - The Bank of England Monetary Policy Committee voted 6-3 to raise its key interest rate to 5.25 percent in a continued effort to bring inflation back toward the 2 percent target. Governor Andrew Bailey noted that monetary policy would need to remain sufficiently restrictive for an extended period. Public records confirm that compliance audits will be conducted on an annual schedule.",worldNews,"August 3, 2023"
International Monetary Fund raises global economic growth projections (Report #187),"In formal legislative proceedings documented by public records, WASHINGTON (Reuters) - The International Monetary Fund revised its global economic forecast upward by 0.3 percentage points, citing stronger-than-anticipated consumer demand in major advanced economies and fiscal stimulus measures across emerging markets. However, the IMF warned that persistent supply chain bottlenecks could dampen momentum. The measure is slated for formal administrative review following the statutory sixty-day public comment period.",worldNews,"March 15, 2022"
Congressional Budget Office releases 10-year fiscal outlook (Report #188),"In formal legislative proceedings documented by public records, WASHINGTON (Reuters) - The Congressional Budget Office released its updated baseline economic projections, estimating federal revenues and debt trajectories over the next decade. The nonpartisan agency projected a federal deficit of $1.5 trillion for the fiscal year, driven largely by statutory spending programs and higher net interest outlays. Both regulatory agencies and civil stakeholders expressed cautious optimism regarding long-term implementation.",politicsNews,"May 12, 2023"
WHO announces global vaccine equity initiative with international donors (Report #189),"Representatives from international economic delegations confirmed that GENEVA (Reuters) - The World Health Organization and international public health partners announced a new financing mechanism to distribute diagnostic supplies, therapeutic treatments, and vaccine doses to low-income nations. Director-General Tedros Adhanom Ghebreyesus stated that equitable distribution is essential to prevent the emergence of new viral lineages. Both regulatory agencies and civil stakeholders expressed cautious optimism regarding long-term implementation.",worldNews,"January 18, 2022"
European Central Bank maintains interest rates amidst inflation monitor (Report #190),"In a scheduled press briefing on Capitol Hill, FRANKFURT (Reuters) - The European Central Bank kept its key interest rates unchanged at record lows on Thursday, reaffirming its forward guidance that borrowing costs will remain low until inflation sustainably reaches its 2 percent medium-term target. ECB President Christine Lagarde noted that while headline inflation has ticked upward due to energy costs, underlying price pressures remain subdued across the eurozone. Government spokespersons reiterated their commitment to regulatory due process and institutional integrity.",worldNews,"September 9, 2021"
Japan and South Korea hold bilateral diplomatic summit on trade ties (Report #191),"In a scheduled press briefing on Capitol Hill, TOKYO (Reuters) - Japanese Prime Minister and South Korean leaders convened in Tokyo for their first formal bilateral summit in over a decade. Both governments agreed to restore regular security dialogues, lift mutual export controls on high-tech semiconductor materials, and collaborate on regional supply chain resilience. Independent analysts projected that the policy will maintain fiscal stability across target sectors.",worldNews,"March 16, 2023"
European Union reaches political agreement on comprehensive artificial intelligence regulation (Report #192),"In formal legislative proceedings documented by public records, BRUSSELS (Reuters) - Negotiators from the European Parliament and EU member states agreed on a provisional framework governing artificial intelligence applications. The Artificial Intelligence Act establishes tiered obligations based on risk categories, prohibiting manipulative biometric categorization while requiring transparency for high-impact foundational models. Macroeconomic indicators continue to align with consensus projections from leading academic institutions.",worldNews,"December 9, 2023"
Global trade volume rebounds following supply chain normalization (Report #193),"Following extensive bipartisan deliberations, GENEVA (Reuters) - The World Trade Organization reported that merchandise trade volume expanded by 2.6 percent year-over-year, supported by easing freight transport costs and resilient consumer demand. The WTO report highlighted notable recovery in automotive and telecommunications trade corridors across North America and Asia. Independent analysts projected that the policy will maintain fiscal stability across target sectors.",worldNews,"April 10, 2024"
Global trade volume rebounds following supply chain normalization (Report #194),"According to official statements released by regulatory authorities, GENEVA (Reuters) - The World Trade Organization reported that merchandise trade volume expanded by 2.6 percent year-over-year, supported by easing freight transport costs and resilient consumer demand. The WTO report highlighted notable recovery in automotive and telecommunications trade corridors across North America and Asia. Both regulatory agencies and civil stakeholders expressed cautious optimism regarding long-term implementation.",worldNews,"April 10, 2024"
Federal Reserve signals potential tapering of asset purchase program (Report #195),"According to official statements released by regulatory authorities, WASHINGTON (Reuters) - Federal Reserve officials signaled Wednesday that the central bank could begin moderating the pace of its monthly bond purchases later this year if economic recovery and job gains continue as projected. Fed Chair Jerome Powell emphasized that the timing of tapering asset purchases is separate from any decision regarding future federal funds rate increases. Government spokespersons reiterated their commitment to regulatory due process and institutional integrity.",politicsNews,"September 22, 2021"
Supreme Court hears oral arguments on regulatory authority scope (Report #196),Financial market data released by governmental agencies indicated that WASHINGTON (Reuters) - The U.S. Supreme Court heard oral arguments on Wednesday in a high-profile case examining the statutory limits of administrative agencies under the Clean Air Act. Justices questioned attorneys for both energy corporations and the Environmental Protection Agency regarding the major questions doctrine and congressional intent. Independent analysts projected that the policy will maintain fiscal stability across target sectors.,politicsNews,"February 28, 2022"
European Union reaches political agreement on comprehensive artificial intelligence regulation (Report #197),"In an updated analytical report published this morning, BRUSSELS (Reuters) - Negotiators from the European Parliament and EU member states agreed on a provisional framework governing artificial intelligence applications. The Artificial Intelligence Act establishes tiered obligations based on risk categories, prohibiting manipulative biometric categorization while requiring transparency for high-impact foundational models. Macroeconomic indicators continue to align with consensus projections from leading academic institutions.",worldNews,"December 9, 2023"
National Oceanic and Atmospheric Administration releases seasonal hurricane outlook (Report #198),"In a scheduled press briefing on Capitol Hill, MIAMI (Reuters) - Forecasters at NOAA's Climate Prediction Center announced an above-normal Atlantic hurricane season outlook, citing record sea surface temperatures and developing atmospheric circulation patterns. Emergency management agencies urged coastal communities to review preparedness protocols. Macroeconomic indicators continue to align with consensus projections from leading academic institutions.",worldNews,"May 23, 2024"
Federal Reserve signals potential tapering of asset purchase program (Report #199),Financial market data released by governmental agencies indicated that WASHINGTON (Reuters) - Federal Reserve officials signaled Wednesday that the central bank could begin moderating the pace of its monthly bond purchases later this year if economic recovery and job gains continue as projected. Fed Chair Jerome Powell emphasized that the timing of tapering asset purchases is separate from any decision regarding future federal funds rate increases. Government spokespersons reiterated their commitment to regulatory due process and institutional integrity.,politicsNews,"September 22, 2021"
European Union reaches political agreement on comprehensive artificial intelligence regulation (Report #200),"During a symposium on institutional transparency, BRUSSELS (Reuters) - Negotiators from the European Parliament and EU member states agreed on a provisional framework governing artificial intelligence applications. The Artificial Intelligence Act establishes tiered obligations based on risk categories, prohibiting manipulative biometric categorization while requiring transparency for high-impact foundational models. The measure is slated for formal administrative review following the statutory sixty-day public comment period.",worldNews,"December 9, 2023"
WHO announces global vaccine equity initiative with international donors (Report #201),"During a symposium on institutional transparency, GENEVA (Reuters) - The World Health Organization and international public health partners announced a new financing mechanism to distribute diagnostic supplies, therapeutic treatments, and vaccine doses to low-income nations. Director-General Tedros Adhanom Ghebreyesus stated that equitable distribution is essential to prevent the emergence of new viral lineages. Both regulatory agencies and civil stakeholders expressed cautious optimism regarding long-term implementation.",worldNews,"January 18, 2022"
International Monetary Fund raises global economic growth projections (Report #202),"Financial market data released by governmental agencies indicated that WASHINGTON (Reuters) - The International Monetary Fund revised its global economic forecast upward by 0.3 percentage points, citing stronger-than-anticipated consumer demand in major advanced economies and fiscal stimulus measures across emerging markets. However, the IMF warned that persistent supply chain bottlenecks could dampen momentum. Both regulatory agencies and civil stakeholders expressed cautious optimism regarding long-term implementation.",worldNews,"March 15, 2022"
Department of Energy awards grants for next-generation solar storage (Report #203),"In formal legislative proceedings documented by public records, WASHINGTON (Reuters) - The Department of Energy announced $45 million in federal funding for 12 research projects dedicated to developing long-duration utility battery storage and perovskite photovoltaic cells. Energy Secretary Jennifer Granholm stated the initiative aims to cut clean energy manufacturing costs by half over the coming decade. The measure is slated for formal administrative review following the statutory sixty-day public comment period.",politicsNews,"April 6, 2022"
Federal Reserve signals potential tapering of asset purchase program (Report #204),"In a scheduled press briefing on Capitol Hill, WASHINGTON (Reuters) - Federal Reserve officials signaled Wednesday that the central bank could begin moderating the pace of its monthly bond purchases later this year if economic recovery and job gains continue as projected. Fed Chair Jerome Powell emphasized that the timing of tapering asset purchases is separate from any decision regarding future federal funds rate increases. Public records confirm that compliance audits will be conducted on an annual schedule.",politicsNews,"September 22, 2021"
National Oceanic and Atmospheric Administration releases seasonal hurricane outlook (Report #205),"According to official statements released by regulatory authorities, MIAMI (Reuters) - Forecasters at NOAA's Climate Prediction Center announced an above-normal Atlantic hurricane season outlook, citing record sea surface temperatures and developing atmospheric circulation patterns. Emergency management agencies urged coastal communities to review preparedness protocols. Independent analysts projected that the policy will maintain fiscal stability across target sectors.",worldNews,"May 23, 2024"
"Labor Department reports nonfarm payroll employment increase of 275,000 (Report #206)","In an updated analytical report published this morning, WASHINGTON (Reuters) - The Bureau of Labor Statistics reported that total nonfarm payroll employment rose by 275,000 in the previous month, while the national unemployment rate held steady at 3.9 percent. Job gains occurred primarily in healthcare, government administration, social assistance, and hospitality sectors. Macroeconomic indicators continue to align with consensus projections from leading academic institutions.",politicsNews,"March 8, 2024"
International Monetary Fund raises global economic growth projections (Report #207),"Following extensive bipartisan deliberations, WASHINGTON (Reuters) - The International Monetary Fund revised its global economic forecast upward by 0.3 percentage points, citing stronger-than-anticipated consumer demand in major advanced economies and fiscal stimulus measures across emerging markets. However, the IMF warned that persistent supply chain bottlenecks could dampen momentum. The measure is slated for formal administrative review following the statutory sixty-day public comment period.",worldNews,"March 15, 2022"
Federal Reserve signals potential tapering of asset purchase program (Report #208),"In an updated analytical report published this morning, WASHINGTON (Reuters) - Federal Reserve officials signaled Wednesday that the central bank could begin moderating the pace of its monthly bond purchases later this year if economic recovery and job gains continue as projected. Fed Chair Jerome Powell emphasized that the timing of tapering asset purchases is separate from any decision regarding future federal funds rate increases. The measure is slated for formal administrative review following the statutory sixty-day public comment period.",politicsNews,"September 22, 2021"
Department of Energy awards grants for next-generation solar storage (Report #209),"Following extensive bipartisan deliberations, WASHINGTON (Reuters) - The Department of Energy announced $45 million in federal funding for 12 research projects dedicated to developing long-duration utility battery storage and perovskite photovoltaic cells. Energy Secretary Jennifer Granholm stated the initiative aims to cut clean energy manufacturing costs by half over the coming decade. Public records confirm that compliance audits will be conducted on an annual schedule.",politicsNews,"April 6, 2022"
"Labor Department reports nonfarm payroll employment increase of 275,000 (Report #210)","Representatives from international economic delegations confirmed that WASHINGTON (Reuters) - The Bureau of Labor Statistics reported that total nonfarm payroll employment rose by 275,000 in the previous month, while the national unemployment rate held steady at 3.9 percent. Job gains occurred primarily in healthcare, government administration, social assistance, and hospitality sectors. Macroeconomic indicators continue to align with consensus projections from leading academic institutions.",politicsNews,"March 8, 2024"
Global trade volume rebounds following supply chain normalization (Report #211),"In a scheduled press briefing on Capitol Hill, GENEVA (Reuters) - The World Trade Organization reported that merchandise trade volume expanded by 2.6 percent year-over-year, supported by easing freight transport costs and resilient consumer demand. The WTO report highlighted notable recovery in automotive and telecommunications trade corridors across North America and Asia. Government spokespersons reiterated their commitment to regulatory due process and institutional integrity.",worldNews,"April 10, 2024"
"Labor Department reports nonfarm payroll employment increase of 275,000 (Report #212)","Representatives from international economic delegations confirmed that WASHINGTON (Reuters) - The Bureau of Labor Statistics reported that total nonfarm payroll employment rose by 275,000 in the previous month, while the national unemployment rate held steady at 3.9 percent. Job gains occurred primarily in healthcare, government administration, social assistance, and hospitality sectors. Government spokespersons reiterated their commitment to regulatory due process and institutional integrity.",politicsNews,"March 8, 2024"
NASA James Webb Space Telescope completes final optical testing (Report #213),"Following extensive bipartisan deliberations, HOUSTON (Reuters) - NASA announced that the James Webb Space Telescope has successfully completed its critical optical system performance tests and environmental evaluations. Engineering teams at the Goddard Space Flight Center confirmed that the 6.5-meter primary mirror and infrared spectrometers are fully calibrated ahead of the scheduled launch from the European Spaceport in French Guiana. The measure is slated for formal administrative review following the statutory sixty-day public comment period.",worldNews,"October 14, 2021"
NASA James Webb Space Telescope completes final optical testing (Report #214),"According to official statements released by regulatory authorities, HOUSTON (Reuters) - NASA announced that the James Webb Space Telescope has successfully completed its critical optical system performance tests and environmental evaluations. Engineering teams at the Goddard Space Flight Center confirmed that the 6.5-meter primary mirror and infrared spectrometers are fully calibrated ahead of the scheduled launch from the European Spaceport in French Guiana. Government spokespersons reiterated their commitment to regulatory due process and institutional integrity.",worldNews,"October 14, 2021"
"Labor Department reports nonfarm payroll employment increase of 275,000 (Report #215)","Following extensive bipartisan deliberations, WASHINGTON (Reuters) - The Bureau of Labor Statistics reported that total nonfarm payroll employment rose by 275,000 in the previous month, while the national unemployment rate held steady at 3.9 percent. Job gains occurred primarily in healthcare, government administration, social assistance, and hospitality sectors. The measure is slated for formal administrative review following the statutory sixty-day public comment period.",politicsNews,"March 8, 2024"
Department of Energy awards grants for next-generation solar storage (Report #216),"In an updated analytical report published this morning, WASHINGTON (Reuters) - The Department of Energy announced $45 million in federal funding for 12 research projects dedicated to developing long-duration utility battery storage and perovskite photovoltaic cells. Energy Secretary Jennifer Granholm stated the initiative aims to cut clean energy manufacturing costs by half over the coming decade. Government spokespersons reiterated their commitment to regulatory due process and institutional integrity.",politicsNews,"April 6, 2022"
Japan and South Korea hold bilateral diplomatic summit on trade ties (Report #217),"In an updated analytical report published this morning, TOKYO (Reuters) - Japanese Prime Minister and South Korean leaders convened in Tokyo for their first formal bilateral summit in over a decade. Both governments agreed to restore regular security dialogues, lift mutual export controls on high-tech semiconductor materials, and collaborate on regional supply chain resilience. Government spokespersons reiterated their commitment to regulatory due process and institutional integrity.",worldNews,"March 16, 2023"
International Monetary Fund raises global economic growth projections (Report #218),"In formal legislative proceedings documented by public records, WASHINGTON (Reuters) - The International Monetary Fund revised its global economic forecast upward by 0.3 percentage points, citing stronger-than-anticipated consumer demand in major advanced economies and fiscal stimulus measures across emerging markets. However, the IMF warned that persistent supply chain bottlenecks could dampen momentum. The measure is slated for formal administrative review following the statutory sixty-day public comment period.",worldNews,"March 15, 2022"
European Central Bank maintains interest rates amidst inflation monitor (Report #219),"According to official statements released by regulatory authorities, FRANKFURT (Reuters) - The European Central Bank kept its key interest rates unchanged at record lows on Thursday, reaffirming its forward guidance that borrowing costs will remain low until inflation sustainably reaches its 2 percent medium-term target. ECB President Christine Lagarde noted that while headline inflation has ticked upward due to energy costs, underlying price pressures remain subdued across the eurozone. Government spokespersons reiterated their commitment to regulatory due process and institutional integrity.",worldNews,"September 9, 2021"
Congressional Budget Office releases 10-year fiscal outlook (Report #220),"Representatives from international economic delegations confirmed that WASHINGTON (Reuters) - The Congressional Budget Office released its updated baseline economic projections, estimating federal revenues and debt trajectories over the next decade. The nonpartisan agency projected a federal deficit of $1.5 trillion for the fiscal year, driven largely by statutory spending programs and higher net interest outlays. Independent analysts projected that the policy will maintain fiscal stability across target sectors.",politicsNews,"May 12, 2023"
U.S. Senate passes bipartisan infrastructure spending bill (Report #221),"During a symposium on institutional transparency, WASHINGTON (Reuters) - The United States Senate on Tuesday passed a $1 trillion bipartisan infrastructure package that represents the biggest investment in the nation's roads, bridges, public transit and water systems in decades. The legislation passed with a 69-30 vote, drawing support from 19 Republicans and all 50 members of the Democratic caucus. Key provisions include $110 billion for major roads and bridges, $66 billion for passenger and freight rail, $65 billion for broadband internet infrastructure, and $55 billion for clean drinking water upgrades. Both regulatory agencies and civil stakeholders expressed cautious optimism regarding long-term implementation.",politicsNews,"August 10, 2021"
International Monetary Fund raises global economic growth projections (Report #222),"Following extensive bipartisan deliberations, WASHINGTON (Reuters) - The International Monetary Fund revised its global economic forecast upward by 0.3 percentage points, citing stronger-than-anticipated consumer demand in major advanced economies and fiscal stimulus measures across emerging markets. However, the IMF warned that persistent supply chain bottlenecks could dampen momentum. Government spokespersons reiterated their commitment to regulatory due process and institutional integrity.",worldNews,"March 15, 2022"
Germany inaugurates new liquefied natural gas terminal on North Sea coast (Report #223),"Financial market data released by governmental agencies indicated that WILHELMSHAVEN (Reuters) - German Chancellor Olaf Scholz formally inaugurated the country's latest floating liquefied natural gas import terminal. The facility is part of Germany's broader energy diversification strategy following the disruption of pipeline supplies, enabling maritime LNG deliveries from global suppliers. Macroeconomic indicators continue to align with consensus projections from leading academic institutions.",worldNews,"December 17, 2022"
U.S. Senate passes bipartisan infrastructure spending bill (Report #224),"According to official statements released by regulatory authorities, WASHINGTON (Reuters) - The United States Senate on Tuesday passed a $1 trillion bipartisan infrastructure package that represents the biggest investment in the nation's roads, bridges, public transit and water systems in decades. The legislation passed with a 69-30 vote, drawing support from 19 Republicans and all 50 members of the Democratic caucus. Key provisions include $110 billion for major roads and bridges, $66 billion for passenger and freight rail, $65 billion for broadband internet infrastructure, and $55 billion for clean drinking water upgrades. Independent analysts projected that the policy will maintain fiscal stability across target sectors.",politicsNews,"August 10, 2021"
United Nations Climate Summit concludes with updated emissions targets (Report #225),"In a scheduled press briefing on Capitol Hill, GLASGOW (Reuters) - Delegates from nearly 200 nations concluded the COP26 climate conference by adopting an updated climate pact that urges member states to strengthen their 2030 emissions reduction targets. The agreement includes explicit commitments to phase down unabated coal power, eliminate inefficient fossil fuel subsidies, and mobilize climate finance for developing countries. The measure is slated for formal administrative review following the statutory sixty-day public comment period.",worldNews,"November 13, 2021"
European Union reaches political agreement on comprehensive artificial intelligence regulation (Report #226),"Following extensive bipartisan deliberations, BRUSSELS (Reuters) - Negotiators from the European Parliament and EU member states agreed on a provisional framework governing artificial intelligence applications. The Artificial Intelligence Act establishes tiered obligations based on risk categories, prohibiting manipulative biometric categorization while requiring transparency for high-impact foundational models. Public records confirm that compliance audits will be conducted on an annual schedule.",worldNews,"December 9, 2023"
United Nations Climate Summit concludes with updated emissions targets (Report #227),"In a scheduled press briefing on Capitol Hill, GLASGOW (Reuters) - Delegates from nearly 200 nations concluded the COP26 climate conference by adopting an updated climate pact that urges member states to strengthen their 2030 emissions reduction targets. The agreement includes explicit commitments to phase down unabated coal power, eliminate inefficient fossil fuel subsidies, and mobilize climate finance for developing countries. The measure is slated for formal administrative review following the statutory sixty-day public comment period.",worldNews,"November 13, 2021"
CDC updates guidelines for seasonal respiratory illness prevention (Report #228),"In a scheduled press briefing on Capitol Hill, ATLANTA (Reuters) - The Centers for Disease Control and Prevention released updated recommendations for the upcoming autumn respiratory disease season. Public health officials stressed the importance of updated annual vaccinations for vulnerable demographic groups, improved indoor ventilation, and prompt diagnostic testing upon symptom onset. The measure is slated for formal administrative review following the statutory sixty-day public comment period.",politicsNews,"August 29, 2023"
WHO announces global vaccine equity initiative with international donors (Report #229),"In an updated analytical report published this morning, GENEVA (Reuters) - The World Health Organization and international public health partners announced a new financing mechanism to distribute diagnostic supplies, therapeutic treatments, and vaccine doses to low-income nations. Director-General Tedros Adhanom Ghebreyesus stated that equitable distribution is essential to prevent the emergence of new viral lineages. Government spokespersons reiterated their commitment to regulatory due process and institutional integrity.",worldNews,"January 18, 2022"
NASA James Webb Space Telescope completes final optical testing (Report #230),"During a symposium on institutional transparency, HOUSTON (Reuters) - NASA announced that the James Webb Space Telescope has successfully completed its critical optical system performance tests and environmental evaluations. Engineering teams at the Goddard Space Flight Center confirmed that the 6.5-meter primary mirror and infrared spectrometers are fully calibrated ahead of the scheduled launch from the European Spaceport in French Guiana. Macroeconomic indicators continue to align with consensus projections from leading academic institutions.",worldNews,"October 14, 2021"
Congressional Budget Office releases 10-year fiscal outlook (Report #231),"Following extensive bipartisan deliberations, WASHINGTON (Reuters) - The Congressional Budget Office released its updated baseline economic projections, estimating federal revenues and debt trajectories over the next decade. The nonpartisan agency projected a federal deficit of $1.5 trillion for the fiscal year, driven largely by statutory spending programs and higher net interest outlays. Both regulatory agencies and civil stakeholders expressed cautious optimism regarding long-term implementation.",politicsNews,"May 12, 2023"
Treasury Department releases quarterly financial stability review (Report #232),"Following extensive bipartisan deliberations, WASHINGTON (Reuters) - The U.S. Department of the Treasury published its annual economic health review, citing robust consumer spending and resilient financial market liquidity. The report emphasized the importance of monitoring commercial real estate debt and sovereign credit exposures while maintaining regulatory capital buffers across tier-one banking institutions. Public records confirm that compliance audits will be conducted on an annual schedule.",politicsNews,"December 4, 2021"
U.S. Senate passes bipartisan infrastructure spending bill (Report #233),"Following extensive bipartisan deliberations, WASHINGTON (Reuters) - The United States Senate on Tuesday passed a $1 trillion bipartisan infrastructure package that represents the biggest investment in the nation's roads, bridges, public transit and water systems in decades. The legislation passed with a 69-30 vote, drawing support from 19 Republicans and all 50 members of the Democratic caucus. Key provisions include $110 billion for major roads and bridges, $66 billion for passenger and freight rail, $65 billion for broadband internet infrastructure, and $55 billion for clean drinking water upgrades. Government spokespersons reiterated their commitment to regulatory due process and institutional integrity.",politicsNews,"August 10, 2021"
Japan and South Korea hold bilateral diplomatic summit on trade ties (Report #234),"Financial market data released by governmental agencies indicated that TOKYO (Reuters) - Japanese Prime Minister and South Korean leaders convened in Tokyo for their first formal bilateral summit in over a decade. Both governments agreed to restore regular security dialogues, lift mutual export controls on high-tech semiconductor materials, and collaborate on regional supply chain resilience. Government spokespersons reiterated their commitment to regulatory due process and institutional integrity.",worldNews,"March 16, 2023"
Supreme Court hears oral arguments on regulatory authority scope (Report #235),Representatives from international economic delegations confirmed that WASHINGTON (Reuters) - The U.S. Supreme Court heard oral arguments on Wednesday in a high-profile case examining the statutory limits of administrative agencies under the Clean Air Act. Justices questioned attorneys for both energy corporations and the Environmental Protection Agency regarding the major questions doctrine and congressional intent. Both regulatory agencies and civil stakeholders expressed cautious optimism regarding long-term implementation.,politicsNews,"February 28, 2022"
NASA James Webb Space Telescope completes final optical testing (Report #236),Financial market data released by governmental agencies indicated that HOUSTON (Reuters) - NASA announced that the James Webb Space Telescope has successfully completed its critical optical system performance tests and environmental evaluations. Engineering teams at the Goddard Space Flight Center confirmed that the 6.5-meter primary mirror and infrared spectrometers are fully calibrated ahead of the scheduled launch from the European Spaceport in French Guiana. Independent analysts projected that the policy will maintain fiscal stability across target sectors.,worldNews,"October 14, 2021"
Department of Transportation implements new airline passenger refund rules (Report #237),"In an updated analytical report published this morning, WASHINGTON (Reuters) - The U.S. Department of Transportation finalized comprehensive regulations requiring commercial airlines to provide automatic cash refunds when flights are significantly delayed or cancelled. Transportation Secretary Pete Buttigieg stated the mandate protects consumer rights and streamlines compensation processes. Both regulatory agencies and civil stakeholders expressed cautious optimism regarding long-term implementation.",politicsNews,"April 24, 2024"
Germany inaugurates new liquefied natural gas terminal on North Sea coast (Report #238),"During a symposium on institutional transparency, WILHELMSHAVEN (Reuters) - German Chancellor Olaf Scholz formally inaugurated the country's latest floating liquefied natural gas import terminal. The facility is part of Germany's broader energy diversification strategy following the disruption of pipeline supplies, enabling maritime LNG deliveries from global suppliers. The measure is slated for formal administrative review following the statutory sixty-day public comment period.",worldNews,"December 17, 2022"
Supreme Court hears oral arguments on regulatory authority scope (Report #239),"In an updated analytical report published this morning, WASHINGTON (Reuters) - The U.S. Supreme Court heard oral arguments on Wednesday in a high-profile case examining the statutory limits of administrative agencies under the Clean Air Act. Justices questioned attorneys for both energy corporations and the Environmental Protection Agency regarding the major questions doctrine and congressional intent. Independent analysts projected that the policy will maintain fiscal stability across target sectors.",politicsNews,"February 28, 2022"
WHO announces global vaccine equity initiative with international donors (Report #240),"Financial market data released by governmental agencies indicated that GENEVA (Reuters) - The World Health Organization and international public health partners announced a new financing mechanism to distribute diagnostic supplies, therapeutic treatments, and vaccine doses to low-income nations. Director-General Tedros Adhanom Ghebreyesus stated that equitable distribution is essential to prevent the emergence of new viral lineages. The measure is slated for formal administrative review following the statutory sixty-day public comment period.",worldNews,"January 18, 2022"
International Monetary Fund raises global economic growth projections (Report #241),"According to official statements released by regulatory authorities, WASHINGTON (Reuters) - The International Monetary Fund revised its global economic forecast upward by 0.3 percentage points, citing stronger-than-anticipated consumer demand in major advanced economies and fiscal stimulus measures across emerging markets. However, the IMF warned that persistent supply chain bottlenecks could dampen momentum. The measure is slated for formal administrative review following the statutory sixty-day public comment period.",worldNews,"March 15, 2022"
CDC updates guidelines for seasonal respiratory illness prevention (Report #242),"Financial market data released by governmental agencies indicated that ATLANTA (Reuters) - The Centers for Disease Control and Prevention released updated recommendations for the upcoming autumn respiratory disease season. Public health officials stressed the importance of updated annual vaccinations for vulnerable demographic groups, improved indoor ventilation, and prompt diagnostic testing upon symptom onset. Government spokespersons reiterated their commitment to regulatory due process and institutional integrity.",politicsNews,"August 29, 2023"
"Labor Department reports nonfarm payroll employment increase of 275,000 (Report #243)","During a symposium on institutional transparency, WASHINGTON (Reuters) - The Bureau of Labor Statistics reported that total nonfarm payroll employment rose by 275,000 in the previous month, while the national unemployment rate held steady at 3.9 percent. Job gains occurred primarily in healthcare, government administration, social assistance, and hospitality sectors. Independent analysts projected that the policy will maintain fiscal stability across target sectors.",politicsNews,"March 8, 2024"
NASA James Webb Space Telescope completes final optical testing (Report #244),Representatives from international economic delegations confirmed that HOUSTON (Reuters) - NASA announced that the James Webb Space Telescope has successfully completed its critical optical system performance tests and environmental evaluations. Engineering teams at the Goddard Space Flight Center confirmed that the 6.5-meter primary mirror and infrared spectrometers are fully calibrated ahead of the scheduled launch from the European Spaceport in French Guiana. Both regulatory agencies and civil stakeholders expressed cautious optimism regarding long-term implementation.,worldNews,"October 14, 2021"
European Union reaches political agreement on comprehensive artificial intelligence regulation (Report #245),"Representatives from international economic delegations confirmed that BRUSSELS (Reuters) - Negotiators from the European Parliament and EU member states agreed on a provisional framework governing artificial intelligence applications. The Artificial Intelligence Act establishes tiered obligations based on risk categories, prohibiting manipulative biometric categorization while requiring transparency for high-impact foundational models. Independent analysts projected that the policy will maintain fiscal stability across target sectors.",worldNews,"December 9, 2023"
NASA James Webb Space Telescope completes final optical testing (Report #246),Financial market data released by governmental agencies indicated that HOUSTON (Reuters) - NASA announced that the James Webb Space Telescope has successfully completed its critical optical system performance tests and environmental evaluations. Engineering teams at the Goddard Space Flight Center confirmed that the 6.5-meter primary mirror and infrared spectrometers are fully calibrated ahead of the scheduled launch from the European Spaceport in French Guiana. The measure is slated for formal administrative review following the statutory sixty-day public comment period.,worldNews,"October 14, 2021"
Japan and South Korea hold bilateral diplomatic summit on trade ties (Report #247),"Financial market data released by governmental agencies indicated that TOKYO (Reuters) - Japanese Prime Minister and South Korean leaders convened in Tokyo for their first formal bilateral summit in over a decade. Both governments agreed to restore regular security dialogues, lift mutual export controls on high-tech semiconductor materials, and collaborate on regional supply chain resilience. Macroeconomic indicators continue to align with consensus projections from leading academic institutions.",worldNews,"March 16, 2023"
Global trade volume rebounds following supply chain normalization (Report #248),"According to official statements released by regulatory authorities, GENEVA (Reuters) - The World Trade Organization reported that merchandise trade volume expanded by 2.6 percent year-over-year, supported by easing freight transport costs and resilient consumer demand. The WTO report highlighted notable recovery in automotive and telecommunications trade corridors across North America and Asia. Public records confirm that compliance audits will be conducted on an annual schedule.",worldNews,"April 10, 2024"
European Union reaches political agreement on comprehensive artificial intelligence regulation (Report #249),"In an updated analytical report published this morning, BRUSSELS (Reuters) - Negotiators from the European Parliament and EU member states agreed on a provisional framework governing artificial intelligence applications. The Artificial Intelligence Act establishes tiered obligations based on risk categories, prohibiting manipulative biometric categorization while requiring transparency for high-impact foundational models. The measure is slated for formal administrative review following the statutory sixty-day public comment period.",worldNews,"December 9, 2023"
European Central Bank maintains interest rates amidst inflation monitor (Report #250),"Financial market data released by governmental agencies indicated that FRANKFURT (Reuters) - The European Central Bank kept its key interest rates unchanged at record lows on Thursday, reaffirming its forward guidance that borrowing costs will remain low until inflation sustainably reaches its 2 percent medium-term target. ECB President Christine Lagarde noted that while headline inflation has ticked upward due to energy costs, underlying price pressures remain subdued across the eurozone. Independent analysts projected that the policy will maintain fiscal stability across target sectors.",worldNews,"September 9, 2021"
Global trade volume rebounds following supply chain normalization (Report #251),"In an updated analytical report published this morning, GENEVA (Reuters) - The World Trade Organization reported that merchandise trade volume expanded by 2.6 percent year-over-year, supported by easing freight transport costs and resilient consumer demand. The WTO report highlighted notable recovery in automotive and telecommunications trade corridors across North America and Asia. The measure is slated for formal administrative review following the statutory sixty-day public comment period.",worldNews,"April 10, 2024"
Congressional Budget Office releases 10-year fiscal outlook (Report #252),"According to official statements released by regulatory authorities, WASHINGTON (Reuters) - The Congressional Budget Office released its updated baseline economic projections, estimating federal revenues and debt trajectories over the next decade. The nonpartisan agency projected a federal deficit of $1.5 trillion for the fiscal year, driven largely by statutory spending programs and higher net interest outlays. Government spokespersons reiterated their commitment to regulatory due process and institutional integrity.",politicsNews,"May 12, 2023"
Japan and South Korea hold bilateral diplomatic summit on trade ties (Report #253),"During a symposium on institutional transparency, TOKYO (Reuters) - Japanese Prime Minister and South Korean leaders convened in Tokyo for their first formal bilateral summit in over a decade. Both governments agreed to restore regular security dialogues, lift mutual export controls on high-tech semiconductor materials, and collaborate on regional supply chain resilience. Government spokespersons reiterated their commitment to regulatory due process and institutional integrity.",worldNews,"March 16, 2023"
NASA James Webb Space Telescope completes final optical testing (Report #254),Representatives from international economic delegations confirmed that HOUSTON (Reuters) - NASA announced that the James Webb Space Telescope has successfully completed its critical optical system performance tests and environmental evaluations. Engineering teams at the Goddard Space Flight Center confirmed that the 6.5-meter primary mirror and infrared spectrometers are fully calibrated ahead of the scheduled launch from the European Spaceport in French Guiana. Macroeconomic indicators continue to align with consensus projections from leading academic institutions.,worldNews,"October 14, 2021"
Department of Energy awards grants for next-generation solar storage (Report #255),Financial market data released by governmental agencies indicated that WASHINGTON (Reuters) - The Department of Energy announced $45 million in federal funding for 12 research projects dedicated to developing long-duration utility battery storage and perovskite photovoltaic cells. Energy Secretary Jennifer Granholm stated the initiative aims to cut clean energy manufacturing costs by half over the coming decade. The measure is slated for formal administrative review following the statutory sixty-day public comment period.,politicsNews,"April 6, 2022"
Bank of England raises benchmark interest rate by 25 basis points (Report #256),Representatives from international economic delegations confirmed that LONDON (Reuters) - The Bank of England Monetary Policy Committee voted 6-3 to raise its key interest rate to 5.25 percent in a continued effort to bring inflation back toward the 2 percent target. Governor Andrew Bailey noted that monetary policy would need to remain sufficiently restrictive for an extended period. Macroeconomic indicators continue to align with consensus projections from leading academic institutions.,worldNews,"August 3, 2023"
United Nations Climate Summit concludes with updated emissions targets (Report #257),"In an updated analytical report published this morning, GLASGOW (Reuters) - Delegates from nearly 200 nations concluded the COP26 climate conference by adopting an updated climate pact that urges member states to strengthen their 2030 emissions reduction targets. The agreement includes explicit commitments to phase down unabated coal power, eliminate inefficient fossil fuel subsidies, and mobilize climate finance for developing countries. Public records confirm that compliance audits will be conducted on an annual schedule.",worldNews,"November 13, 2021"
Bank of England raises benchmark interest rate by 25 basis points (Report #258),"Following extensive bipartisan deliberations, LONDON (Reuters) - The Bank of England Monetary Policy Committee voted 6-3 to raise its key interest rate to 5.25 percent in a continued effort to bring inflation back toward the 2 percent target. Governor Andrew Bailey noted that monetary policy would need to remain sufficiently restrictive for an extended period. Macroeconomic indicators continue to align with consensus projections from leading academic institutions.",worldNews,"August 3, 2023"
European Union reaches political agreement on comprehensive artificial intelligence regulation (Report #259),"Representatives from international economic delegations confirmed that BRUSSELS (Reuters) - Negotiators from the European Parliament and EU member states agreed on a provisional framework governing artificial intelligence applications. The Artificial Intelligence Act establishes tiered obligations based on risk categories, prohibiting manipulative biometric categorization while requiring transparency for high-impact foundational models. Public records confirm that compliance audits will be conducted on an annual schedule.",worldNews,"December 9, 2023"
"Labor Department reports nonfarm payroll employment increase of 275,000 (Report #260)","In a scheduled press briefing on Capitol Hill, WASHINGTON (Reuters) - The Bureau of Labor Statistics reported that total nonfarm payroll employment rose by 275,000 in the previous month, while the national unemployment rate held steady at 3.9 percent. Job gains occurred primarily in healthcare, government administration, social assistance, and hospitality sectors. The measure is slated for formal administrative review following the statutory sixty-day public comment period.",politicsNews,"March 8, 2024"
Department of Energy awards grants for next-generation solar storage (Report #261),"In an updated analytical report published this morning, WASHINGTON (Reuters) - The Department of Energy announced $45 million in federal funding for 12 research projects dedicated to developing long-duration utility battery storage and perovskite photovoltaic cells. Energy Secretary Jennifer Granholm stated the initiative aims to cut clean energy manufacturing costs by half over the coming decade. Public records confirm that compliance audits will be conducted on an annual schedule.",politicsNews,"April 6, 2022"
European Union reaches political agreement on comprehensive artificial intelligence regulation (Report #262),"During a symposium on institutional transparency, BRUSSELS (Reuters) - Negotiators from the European Parliament and EU member states agreed on a provisional framework governing artificial intelligence applications. The Artificial Intelligence Act establishes tiered obligations based on risk categories, prohibiting manipulative biometric categorization while requiring transparency for high-impact foundational models. Public records confirm that compliance audits will be conducted on an annual schedule.",worldNews,"December 9, 2023"
Germany inaugurates new liquefied natural gas terminal on North Sea coast (Report #263),"In formal legislative proceedings documented by public records, WILHELMSHAVEN (Reuters) - German Chancellor Olaf Scholz formally inaugurated the country's latest floating liquefied natural gas import terminal. The facility is part of Germany's broader energy diversification strategy following the disruption of pipeline supplies, enabling maritime LNG deliveries from global suppliers. Government spokespersons reiterated their commitment to regulatory due process and institutional integrity.",worldNews,"December 17, 2022"
WHO announces global vaccine equity initiative with international donors (Report #264),"In formal legislative proceedings documented by public records, GENEVA (Reuters) - The World Health Organization and international public health partners announced a new financing mechanism to distribute diagnostic supplies, therapeutic treatments, and vaccine doses to low-income nations. Director-General Tedros Adhanom Ghebreyesus stated that equitable distribution is essential to prevent the emergence of new viral lineages. Government spokespersons reiterated their commitment to regulatory due process and institutional integrity.",worldNews,"January 18, 2022"
Treasury Department releases quarterly financial stability review (Report #265),"According to official statements released by regulatory authorities, WASHINGTON (Reuters) - The U.S. Department of the Treasury published its annual economic health review, citing robust consumer spending and resilient financial market liquidity. The report emphasized the importance of monitoring commercial real estate debt and sovereign credit exposures while maintaining regulatory capital buffers across tier-one banking institutions. The measure is slated for formal administrative review following the statutory sixty-day public comment period.",politicsNews,"December 4, 2021"
Global trade volume rebounds following supply chain normalization (Report #266),"During a symposium on institutional transparency, GENEVA (Reuters) - The World Trade Organization reported that merchandise trade volume expanded by 2.6 percent year-over-year, supported by easing freight transport costs and resilient consumer demand. The WTO report highlighted notable recovery in automotive and telecommunications trade corridors across North America and Asia. Independent analysts projected that the policy will maintain fiscal stability across target sectors.",worldNews,"April 10, 2024"
Supreme Court hears oral arguments on regulatory authority scope (Report #267),Representatives from international economic delegations confirmed that WASHINGTON (Reuters) - The U.S. Supreme Court heard oral arguments on Wednesday in a high-profile case examining the statutory limits of administrative agencies under the Clean Air Act. Justices questioned attorneys for both energy corporations and the Environmental Protection Agency regarding the major questions doctrine and congressional intent. Both regulatory agencies and civil stakeholders expressed cautious optimism regarding long-term implementation.,politicsNews,"February 28, 2022"
WHO announces global vaccine equity initiative with international donors (Report #268),"Following extensive bipartisan deliberations, GENEVA (Reuters) - The World Health Organization and international public health partners announced a new financing mechanism to distribute diagnostic supplies, therapeutic treatments, and vaccine doses to low-income nations. Director-General Tedros Adhanom Ghebreyesus stated that equitable distribution is essential to prevent the emergence of new viral lineages. Independent analysts projected that the policy will maintain fiscal stability across target sectors.",worldNews,"January 18, 2022"
European Central Bank maintains interest rates amidst inflation monitor (Report #269),"In an updated analytical report published this morning, FRANKFURT (Reuters) - The European Central Bank kept its key interest rates unchanged at record lows on Thursday, reaffirming its forward guidance that borrowing costs will remain low until inflation sustainably reaches its 2 percent medium-term target. ECB President Christine Lagarde noted that while headline inflation has ticked upward due to energy costs, underlying price pressures remain subdued across the eurozone. Public records confirm that compliance audits will be conducted on an annual schedule.",worldNews,"September 9, 2021"
National Oceanic and Atmospheric Administration releases seasonal hurricane outlook (Report #270),"According to official statements released by regulatory authorities, MIAMI (Reuters) - Forecasters at NOAA's Climate Prediction Center announced an above-normal Atlantic hurricane season outlook, citing record sea surface temperatures and developing atmospheric circulation patterns. Emergency management agencies urged coastal communities to review preparedness protocols. Public records confirm that compliance audits will be conducted on an annual schedule.",worldNews,"May 23, 2024"
Congressional Budget Office releases 10-year fiscal outlook (Report #271),"In an updated analytical report published this morning, WASHINGTON (Reuters) - The Congressional Budget Office released its updated baseline economic projections, estimating federal revenues and debt trajectories over the next decade. The nonpartisan agency projected a federal deficit of $1.5 trillion for the fiscal year, driven largely by statutory spending programs and higher net interest outlays. Government spokespersons reiterated their commitment to regulatory due process and institutional integrity.",politicsNews,"May 12, 2023"
Bank of England raises benchmark interest rate by 25 basis points (Report #272),"In formal legislative proceedings documented by public records, LONDON (Reuters) - The Bank of England Monetary Policy Committee voted 6-3 to raise its key interest rate to 5.25 percent in a continued effort to bring inflation back toward the 2 percent target. Governor Andrew Bailey noted that monetary policy would need to remain sufficiently restrictive for an extended period. Public records confirm that compliance audits will be conducted on an annual schedule.",worldNews,"August 3, 2023"
Supreme Court hears oral arguments on regulatory authority scope (Report #273),"Following extensive bipartisan deliberations, WASHINGTON (Reuters) - The U.S. Supreme Court heard oral arguments on Wednesday in a high-profile case examining the statutory limits of administrative agencies under the Clean Air Act. Justices questioned attorneys for both energy corporations and the Environmental Protection Agency regarding the major questions doctrine and congressional intent. Government spokespersons reiterated their commitment to regulatory due process and institutional integrity.",politicsNews,"February 28, 2022"
U.S. Senate passes bipartisan infrastructure spending bill (Report #274),"According to official statements released by regulatory authorities, WASHINGTON (Reuters) - The United States Senate on Tuesday passed a $1 trillion bipartisan infrastructure package that represents the biggest investment in the nation's roads, bridges, public transit and water systems in decades. The legislation passed with a 69-30 vote, drawing support from 19 Republicans and all 50 members of the Democratic caucus. Key provisions include $110 billion for major roads and bridges, $66 billion for passenger and freight rail, $65 billion for broadband internet infrastructure, and $55 billion for clean drinking water upgrades. Public records confirm that compliance audits will be conducted on an annual schedule.",politicsNews,"August 10, 2021"
Supreme Court hears oral arguments on regulatory authority scope (Report #275),"Following extensive bipartisan deliberations, WASHINGTON (Reuters) - The U.S. Supreme Court heard oral arguments on Wednesday in a high-profile case examining the statutory limits of administrative agencies under the Clean Air Act. Justices questioned attorneys for both energy corporations and the Environmental Protection Agency regarding the major questions doctrine and congressional intent. Government spokespersons reiterated their commitment to regulatory due process and institutional integrity.",politicsNews,"February 28, 2022"
Global trade volume rebounds following supply chain normalization (Report #276),"In formal legislative proceedings documented by public records, GENEVA (Reuters) - The World Trade Organization reported that merchandise trade volume expanded by 2.6 percent year-over-year, supported by easing freight transport costs and resilient consumer demand. The WTO report highlighted notable recovery in automotive and telecommunications trade corridors across North America and Asia. Independent analysts projected that the policy will maintain fiscal stability across target sectors.",worldNews,"April 10, 2024"
"Labor Department reports nonfarm payroll employment increase of 275,000 (Report #277)","In an updated analytical report published this morning, WASHINGTON (Reuters) - The Bureau of Labor Statistics reported that total nonfarm payroll employment rose by 275,000 in the previous month, while the national unemployment rate held steady at 3.9 percent. Job gains occurred primarily in healthcare, government administration, social assistance, and hospitality sectors. Independent analysts projected that the policy will maintain fiscal stability across target sectors.",politicsNews,"March 8, 2024"
Germany inaugurates new liquefied natural gas terminal on North Sea coast (Report #278),"Following extensive bipartisan deliberations, WILHELMSHAVEN (Reuters) - German Chancellor Olaf Scholz formally inaugurated the country's latest floating liquefied natural gas import terminal. The facility is part of Germany's broader energy diversification strategy following the disruption of pipeline supplies, enabling maritime LNG deliveries from global suppliers. Public records confirm that compliance audits will be conducted on an annual schedule.",worldNews,"December 17, 2022"
Global trade volume rebounds following supply chain normalization (Report #279),"During a symposium on institutional transparency, GENEVA (Reuters) - The World Trade Organization reported that merchandise trade volume expanded by 2.6 percent year-over-year, supported by easing freight transport costs and resilient consumer demand. The WTO report highlighted notable recovery in automotive and telecommunications trade corridors across North America and Asia. Public records confirm that compliance audits will be conducted on an annual schedule.",worldNews,"April 10, 2024"
National Oceanic and Atmospheric Administration releases seasonal hurricane outlook (Report #280),"Financial market data released by governmental agencies indicated that MIAMI (Reuters) - Forecasters at NOAA's Climate Prediction Center announced an above-normal Atlantic hurricane season outlook, citing record sea surface temperatures and developing atmospheric circulation patterns. Emergency management agencies urged coastal communities to review preparedness protocols. Macroeconomic indicators continue to align with consensus projections from leading academic institutions.",worldNews,"May 23, 2024"
Germany inaugurates new liquefied natural gas terminal on North Sea coast (Report #281),"Following extensive bipartisan deliberations, WILHELMSHAVEN (Reuters) - German Chancellor Olaf Scholz formally inaugurated the country's latest floating liquefied natural gas import terminal. The facility is part of Germany's broader energy diversification strategy following the disruption of pipeline supplies, enabling maritime LNG deliveries from global suppliers. Government spokespersons reiterated their commitment to regulatory due process and institutional integrity.",worldNews,"December 17, 2022"
Department of Transportation implements new airline passenger refund rules (Report #282),"In formal legislative proceedings documented by public records, WASHINGTON (Reuters) - The U.S. Department of Transportation finalized comprehensive regulations requiring commercial airlines to provide automatic cash refunds when flights are significantly delayed or cancelled. Transportation Secretary Pete Buttigieg stated the mandate protects consumer rights and streamlines compensation processes. The measure is slated for formal administrative review following the statutory sixty-day public comment period.",politicsNews,"April 24, 2024"
Supreme Court hears oral arguments on regulatory authority scope (Report #283),Representatives from international economic delegations confirmed that WASHINGTON (Reuters) - The U.S. Supreme Court heard oral arguments on Wednesday in a high-profile case examining the statutory limits of administrative agencies under the Clean Air Act. Justices questioned attorneys for both energy corporations and the Environmental Protection Agency regarding the major questions doctrine and congressional intent. Macroeconomic indicators continue to align with consensus projections from leading academic institutions.,politicsNews,"February 28, 2022"
Department of Transportation implements new airline passenger refund rules (Report #284),"In an updated analytical report published this morning, WASHINGTON (Reuters) - The U.S. Department of Transportation finalized comprehensive regulations requiring commercial airlines to provide automatic cash refunds when flights are significantly delayed or cancelled. Transportation Secretary Pete Buttigieg stated the mandate protects consumer rights and streamlines compensation processes. The measure is slated for formal administrative review following the statutory sixty-day public comment period.",politicsNews,"April 24, 2024"
Germany inaugurates new liquefied natural gas terminal on North Sea coast (Report #285),"According to official statements released by regulatory authorities, WILHELMSHAVEN (Reuters) - German Chancellor Olaf Scholz formally inaugurated the country's latest floating liquefied natural gas import terminal. The facility is part of Germany's broader energy diversification strategy following the disruption of pipeline supplies, enabling maritime LNG deliveries from global suppliers. Government spokespersons reiterated their commitment to regulatory due process and institutional integrity.",worldNews,"December 17, 2022"
Department of Energy awards grants for next-generation solar storage (Report #286),"In an updated analytical report published this morning, WASHINGTON (Reuters) - The Department of Energy announced $45 million in federal funding for 12 research projects dedicated to developing long-duration utility battery storage and perovskite photovoltaic cells. Energy Secretary Jennifer Granholm stated the initiative aims to cut clean energy manufacturing costs by half over the coming decade. The measure is slated for formal administrative review following the statutory sixty-day public comment period.",politicsNews,"April 6, 2022"
Japan and South Korea hold bilateral diplomatic summit on trade ties (Report #287),"During a symposium on institutional transparency, TOKYO (Reuters) - Japanese Prime Minister and South Korean leaders convened in Tokyo for their first formal bilateral summit in over a decade. Both governments agreed to restore regular security dialogues, lift mutual export controls on high-tech semiconductor materials, and collaborate on regional supply chain resilience. Macroeconomic indicators continue to align with consensus projections from leading academic institutions.",worldNews,"March 16, 2023"
Federal Reserve signals potential tapering of asset purchase program (Report #288),"Following extensive bipartisan deliberations, WASHINGTON (Reuters) - Federal Reserve officials signaled Wednesday that the central bank could begin moderating the pace of its monthly bond purchases later this year if economic recovery and job gains continue as projected. Fed Chair Jerome Powell emphasized that the timing of tapering asset purchases is separate from any decision regarding future federal funds rate increases. Both regulatory agencies and civil stakeholders expressed cautious optimism regarding long-term implementation.",politicsNews,"September 22, 2021"
Supreme Court hears oral arguments on regulatory authority scope (Report #289),Financial market data released by governmental agencies indicated that WASHINGTON (Reuters) - The U.S. Supreme Court heard oral arguments on Wednesday in a high-profile case examining the statutory limits of administrative agencies under the Clean Air Act. Justices questioned attorneys for both energy corporations and the Environmental Protection Agency regarding the major questions doctrine and congressional intent. Government spokespersons reiterated their commitment to regulatory due process and institutional integrity.,politicsNews,"February 28, 2022"
United Nations Climate Summit concludes with updated emissions targets (Report #290),"In an updated analytical report published this morning, GLASGOW (Reuters) - Delegates from nearly 200 nations concluded the COP26 climate conference by adopting an updated climate pact that urges member states to strengthen their 2030 emissions reduction targets. The agreement includes explicit commitments to phase down unabated coal power, eliminate inefficient fossil fuel subsidies, and mobilize climate finance for developing countries. Independent analysts projected that the policy will maintain fiscal stability across target sectors.",worldNews,"November 13, 2021"
Congressional Budget Office releases 10-year fiscal outlook (Report #291),"Financial market data released by governmental agencies indicated that WASHINGTON (Reuters) - The Congressional Budget Office released its updated baseline economic projections, estimating federal revenues and debt trajectories over the next decade. The nonpartisan agency projected a federal deficit of $1.5 trillion for the fiscal year, driven largely by statutory spending programs and higher net interest outlays. The measure is slated for formal administrative review following the statutory sixty-day public comment period.",politicsNews,"May 12, 2023"
"Labor Department reports nonfarm payroll employment increase of 275,000 (Report #292)","In formal legislative proceedings documented by public records, WASHINGTON (Reuters) - The Bureau of Labor Statistics reported that total nonfarm payroll employment rose by 275,000 in the previous month, while the national unemployment rate held steady at 3.9 percent. Job gains occurred primarily in healthcare, government administration, social assistance, and hospitality sectors. Public records confirm that compliance audits will be conducted on an annual schedule.",politicsNews,"March 8, 2024"
European Central Bank maintains interest rates amidst inflation monitor (Report #293),"In an updated analytical report published this morning, FRANKFURT (Reuters) - The European Central Bank kept its key interest rates unchanged at record lows on Thursday, reaffirming its forward guidance that borrowing costs will remain low until inflation sustainably reaches its 2 percent medium-term target. ECB President Christine Lagarde noted that while headline inflation has ticked upward due to energy costs, underlying price pressures remain subdued across the eurozone. Public records confirm that compliance audits will be conducted on an annual schedule.",worldNews,"September 9, 2021"
Bank of England raises benchmark interest rate by 25 basis points (Report #294),"In a scheduled press briefing on Capitol Hill, LONDON (Reuters) - The Bank of England Monetary Policy Committee voted 6-3 to raise its key interest rate to 5.25 percent in a continued effort to bring inflation back toward the 2 percent target. Governor Andrew Bailey noted that monetary policy would need to remain sufficiently restrictive for an extended period. Macroeconomic indicators continue to align with consensus projections from leading academic institutions.",worldNews,"August 3, 2023"
Bank of England raises benchmark interest rate by 25 basis points (Report #295),"In formal legislative proceedings documented by public records, LONDON (Reuters) - The Bank of England Monetary Policy Committee voted 6-3 to raise its key interest rate to 5.25 percent in a continued effort to bring inflation back toward the 2 percent target. Governor Andrew Bailey noted that monetary policy would need to remain sufficiently restrictive for an extended period. Independent analysts projected that the policy will maintain fiscal stability across target sectors.",worldNews,"August 3, 2023"
CDC updates guidelines for seasonal respiratory illness prevention (Report #296),"Representatives from international economic delegations confirmed that ATLANTA (Reuters) - The Centers for Disease Control and Prevention released updated recommendations for the upcoming autumn respiratory disease season. Public health officials stressed the importance of updated annual vaccinations for vulnerable demographic groups, improved indoor ventilation, and prompt diagnostic testing upon symptom onset. Public records confirm that compliance audits will be conducted on an annual schedule.",politicsNews,"August 29, 2023"
Congressional Budget Office releases 10-year fiscal outlook (Report #297),"In an updated analytical report published this morning, WASHINGTON (Reuters) - The Congressional Budget Office released its updated baseline economic projections, estimating federal revenues and debt trajectories over the next decade. The nonpartisan agency projected a federal deficit of $1.5 trillion for the fiscal year, driven largely by statutory spending programs and higher net interest outlays. Public records confirm that compliance audits will be conducted on an annual schedule.",politicsNews,"May 12, 2023"
Supreme Court hears oral arguments on regulatory authority scope (Report #298),Representatives from international economic delegations confirmed that WASHINGTON (Reuters) - The U.S. Supreme Court heard oral arguments on Wednesday in a high-profile case examining the statutory limits of administrative agencies under the Clean Air Act. Justices questioned attorneys for both energy corporations and the Environmental Protection Agency regarding the major questions doctrine and congressional intent. Public records confirm that compliance audits will be conducted on an annual schedule.,politicsNews,"February 28, 2022"
Department of Transportation implements new airline passenger refund rules (Report #299),"In a scheduled press briefing on Capitol Hill, WASHINGTON (Reuters) - The U.S. Department of Transportation finalized comprehensive regulations requiring commercial airlines to provide automatic cash refunds when flights are significantly delayed or cancelled. Transportation Secretary Pete Buttigieg stated the mandate protects consumer rights and streamlines compensation processes. Public records confirm that compliance audits will be conducted on an annual schedule.",politicsNews,"April 24, 2024"
Japan and South Korea hold bilateral diplomatic summit on trade ties (Report #300),"Financial market data released by governmental agencies indicated that TOKYO (Reuters) - Japanese Prime Minister and South Korean leaders convened in Tokyo for their first formal bilateral summit in over a decade. Both governments agreed to restore regular security dialogues, lift mutual export controls on high-tech semiconductor materials, and collaborate on regional supply chain resilience. Government spokespersons reiterated their commitment to regulatory due process and institutional integrity.",worldNews,"March 16, 2023"
Treasury Department releases quarterly financial stability review (Report #301),"In formal legislative proceedings documented by public records, WASHINGTON (Reuters) - The U.S. Department of the Treasury published its annual economic health review, citing robust consumer spending and resilient financial market liquidity. The report emphasized the importance of monitoring commercial real estate debt and sovereign credit exposures while maintaining regulatory capital buffers across tier-one banking institutions. Both regulatory agencies and civil stakeholders expressed cautious optimism regarding long-term implementation.",politicsNews,"December 4, 2021"
National Oceanic and Atmospheric Administration releases seasonal hurricane outlook (Report #302),"In a scheduled press briefing on Capitol Hill, MIAMI (Reuters) - Forecasters at NOAA's Climate Prediction Center announced an above-normal Atlantic hurricane season outlook, citing record sea surface temperatures and developing atmospheric circulation patterns. Emergency management agencies urged coastal communities to review preparedness protocols. Public records confirm that compliance audits will be conducted on an annual schedule.",worldNews,"May 23, 2024"
European Union reaches political agreement on comprehensive artificial intelligence regulation (Report #303),"In a scheduled press briefing on Capitol Hill, BRUSSELS (Reuters) - Negotiators from the European Parliament and EU member states agreed on a provisional framework governing artificial intelligence applications. The Artificial Intelligence Act establishes tiered obligations based on risk categories, prohibiting manipulative biometric categorization while requiring transparency for high-impact foundational models. Independent analysts projected that the policy will maintain fiscal stability across target sectors.",worldNews,"December 9, 2023"
Congressional Budget Office releases 10-year fiscal outlook (Report #304),"Following extensive bipartisan deliberations, WASHINGTON (Reuters) - The Congressional Budget Office released its updated baseline economic projections, estimating federal revenues and debt trajectories over the next decade. The nonpartisan agency projected a federal deficit of $1.5 trillion for the fiscal year, driven largely by statutory spending programs and higher net interest outlays. Public records confirm that compliance audits will be conducted on an annual schedule.",politicsNews,"May 12, 2023"
Treasury Department releases quarterly financial stability review (Report #305),"In a scheduled press briefing on Capitol Hill, WASHINGTON (Reuters) - The U.S. Department of the Treasury published its annual economic health review, citing robust consumer spending and resilient financial market liquidity. The report emphasized the importance of monitoring commercial real estate debt and sovereign credit exposures while maintaining regulatory capital buffers across tier-one banking institutions. The measure is slated for formal administrative review following the statutory sixty-day public comment period.",politicsNews,"December 4, 2021"
Bank of England raises benchmark interest rate by 25 basis points (Report #306),"During a symposium on institutional transparency, LONDON (Reuters) - The Bank of England Monetary Policy Committee voted 6-3 to raise its key interest rate to 5.25 percent in a continued effort to bring inflation back toward the 2 percent target. Governor Andrew Bailey noted that monetary policy would need to remain sufficiently restrictive for an extended period. Both regulatory agencies and civil stakeholders expressed cautious optimism regarding long-term implementation.",worldNews,"August 3, 2023"
Germany inaugurates new liquefied natural gas terminal on North Sea coast (Report #307),"During a symposium on institutional transparency, WILHELMSHAVEN (Reuters) - German Chancellor Olaf Scholz formally inaugurated the country's latest floating liquefied natural gas import terminal. The facility is part of Germany's broader energy diversification strategy following the disruption of pipeline supplies, enabling maritime LNG deliveries from global suppliers. The measure is slated for formal administrative review following the statutory sixty-day public comment period.",worldNews,"December 17, 2022"
Bank of England raises benchmark interest rate by 25 basis points (Report #308),Representatives from international economic delegations confirmed that LONDON (Reuters) - The Bank of England Monetary Policy Committee voted 6-3 to raise its key interest rate to 5.25 percent in a continued effort to bring inflation back toward the 2 percent target. Governor Andrew Bailey noted that monetary policy would need to remain sufficiently restrictive for an extended period. Public records confirm that compliance audits will be conducted on an annual schedule.,worldNews,"August 3, 2023"
International Monetary Fund raises global economic growth projections (Report #309),"According to official statements released by regulatory authorities, WASHINGTON (Reuters) - The International Monetary Fund revised its global economic forecast upward by 0.3 percentage points, citing stronger-than-anticipated consumer demand in major advanced economies and fiscal stimulus measures across emerging markets. However, the IMF warned that persistent supply chain bottlenecks could dampen momentum. Public records confirm that compliance audits will be conducted on an annual schedule.",worldNews,"March 15, 2022"
U.S. Senate passes bipartisan infrastructure spending bill (Report #310),"In a scheduled press briefing on Capitol Hill, WASHINGTON (Reuters) - The United States Senate on Tuesday passed a $1 trillion bipartisan infrastructure package that represents the biggest investment in the nation's roads, bridges, public transit and water systems in decades. The legislation passed with a 69-30 vote, drawing support from 19 Republicans and all 50 members of the Democratic caucus. Key provisions include $110 billion for major roads and bridges, $66 billion for passenger and freight rail, $65 billion for broadband internet infrastructure, and $55 billion for clean drinking water upgrades. The measure is slated for formal administrative review following the statutory sixty-day public comment period.",politicsNews,"August 10, 2021"
Supreme Court hears oral arguments on regulatory authority scope (Report #311),"According to official statements released by regulatory authorities, WASHINGTON (Reuters) - The U.S. Supreme Court heard oral arguments on Wednesday in a high-profile case examining the statutory limits of administrative agencies under the Clean Air Act. Justices questioned attorneys for both energy corporations and the Environmental Protection Agency regarding the major questions doctrine and congressional intent. Government spokespersons reiterated their commitment to regulatory due process and institutional integrity.",politicsNews,"February 28, 2022"
European Central Bank maintains interest rates amidst inflation monitor (Report #312),"In a scheduled press briefing on Capitol Hill, FRANKFURT (Reuters) - The European Central Bank kept its key interest rates unchanged at record lows on Thursday, reaffirming its forward guidance that borrowing costs will remain low until inflation sustainably reaches its 2 percent medium-term target. ECB President Christine Lagarde noted that while headline inflation has ticked upward due to energy costs, underlying price pressures remain subdued across the eurozone. Both regulatory agencies and civil stakeholders expressed cautious optimism regarding long-term implementation.",worldNews,"September 9, 2021"
WHO announces global vaccine equity initiative with international donors (Report #313),"In a scheduled press briefing on Capitol Hill, GENEVA (Reuters) - The World Health Organization and international public health partners announced a new financing mechanism to distribute diagnostic supplies, therapeutic treatments, and vaccine doses to low-income nations. Director-General Tedros Adhanom Ghebreyesus stated that equitable distribution is essential to prevent the emergence of new viral lineages. Macroeconomic indicators continue to align with consensus projections from leading academic institutions.",worldNews,"January 18, 2022"
United Nations Climate Summit concludes with updated emissions targets (Report #314),"In an updated analytical report published this morning, GLASGOW (Reuters) - Delegates from nearly 200 nations concluded the COP26 climate conference by adopting an updated climate pact that urges member states to strengthen their 2030 emissions reduction targets. The agreement includes explicit commitments to phase down unabated coal power, eliminate inefficient fossil fuel subsidies, and mobilize climate finance for developing countries. Both regulatory agencies and civil stakeholders expressed cautious optimism regarding long-term implementation.",worldNews,"November 13, 2021"
Department of Transportation implements new airline passenger refund rules (Report #315),"According to official statements released by regulatory authorities, WASHINGTON (Reuters) - The U.S. Department of Transportation finalized comprehensive regulations requiring commercial airlines to provide automatic cash refunds when flights are significantly delayed or cancelled. Transportation Secretary Pete Buttigieg stated the mandate protects consumer rights and streamlines compensation processes. Macroeconomic indicators continue to align with consensus projections from leading academic institutions.",politicsNews,"April 24, 2024"
WHO announces global vaccine equity initiative with international donors (Report #316),"In formal legislative proceedings documented by public records, GENEVA (Reuters) - The World Health Organization and international public health partners announced a new financing mechanism to distribute diagnostic supplies, therapeutic treatments, and vaccine doses to low-income nations. Director-General Tedros Adhanom Ghebreyesus stated that equitable distribution is essential to prevent the emergence of new viral lineages. Government spokespersons reiterated their commitment to regulatory due process and institutional integrity.",worldNews,"January 18, 2022"
International Monetary Fund raises global economic growth projections (Report #317),"During a symposium on institutional transparency, WASHINGTON (Reuters) - The International Monetary Fund revised its global economic forecast upward by 0.3 percentage points, citing stronger-than-anticipated consumer demand in major advanced economies and fiscal stimulus measures across emerging markets. However, the IMF warned that persistent supply chain bottlenecks could dampen momentum. Both regulatory agencies and civil stakeholders expressed cautious optimism regarding long-term implementation.",worldNews,"March 15, 2022"
National Oceanic and Atmospheric Administration releases seasonal hurricane outlook (Report #318),"According to official statements released by regulatory authorities, MIAMI (Reuters) - Forecasters at NOAA's Climate Prediction Center announced an above-normal Atlantic hurricane season outlook, citing record sea surface temperatures and developing atmospheric circulation patterns. Emergency management agencies urged coastal communities to review preparedness protocols. Both regulatory agencies and civil stakeholders expressed cautious optimism regarding long-term implementation.",worldNews,"May 23, 2024"
Department of Energy awards grants for next-generation solar storage (Report #319),"According to official statements released by regulatory authorities, WASHINGTON (Reuters) - The Department of Energy announced $45 million in federal funding for 12 research projects dedicated to developing long-duration utility battery storage and perovskite photovoltaic cells. Energy Secretary Jennifer Granholm stated the initiative aims to cut clean energy manufacturing costs by half over the coming decade. Macroeconomic indicators continue to align with consensus projections from leading academic institutions.",politicsNews,"April 6, 2022"
U.S. Senate passes bipartisan infrastructure spending bill (Report #320),"Representatives from international economic delegations confirmed that WASHINGTON (Reuters) - The United States Senate on Tuesday passed a $1 trillion bipartisan infrastructure package that represents the biggest investment in the nation's roads, bridges, public transit and water systems in decades. The legislation passed with a 69-30 vote, drawing support from 19 Republicans and all 50 members of the Democratic caucus. Key provisions include $110 billion for major roads and bridges, $66 billion for passenger and freight rail, $65 billion for broadband internet infrastructure, and $55 billion for clean drinking water upgrades. Macroeconomic indicators continue to align with consensus projections from leading academic institutions.",politicsNews,"August 10, 2021"
Bank of England raises benchmark interest rate by 25 basis points (Report #321),Financial market data released by governmental agencies indicated that LONDON (Reuters) - The Bank of England Monetary Policy Committee voted 6-3 to raise its key interest rate to 5.25 percent in a continued effort to bring inflation back toward the 2 percent target. Governor Andrew Bailey noted that monetary policy would need to remain sufficiently restrictive for an extended period. Government spokespersons reiterated their commitment to regulatory due process and institutional integrity.,worldNews,"August 3, 2023"
WHO announces global vaccine equity initiative with international donors (Report #322),"According to official statements released by regulatory authorities, GENEVA (Reuters) - The World Health Organization and international public health partners announced a new financing mechanism to distribute diagnostic supplies, therapeutic treatments, and vaccine doses to low-income nations. Director-General Tedros Adhanom Ghebreyesus stated that equitable distribution is essential to prevent the emergence of new viral lineages. Macroeconomic indicators continue to align with consensus projections from leading academic institutions.",worldNews,"January 18, 2022"
Supreme Court hears oral arguments on regulatory authority scope (Report #323),"According to official statements released by regulatory authorities, WASHINGTON (Reuters) - The U.S. Supreme Court heard oral arguments on Wednesday in a high-profile case examining the statutory limits of administrative agencies under the Clean Air Act. Justices questioned attorneys for both energy corporations and the Environmental Protection Agency regarding the major questions doctrine and congressional intent. Government spokespersons reiterated their commitment to regulatory due process and institutional integrity.",politicsNews,"February 28, 2022"
Department of Energy awards grants for next-generation solar storage (Report #324),"According to official statements released by regulatory authorities, WASHINGTON (Reuters) - The Department of Energy announced $45 million in federal funding for 12 research projects dedicated to developing long-duration utility battery storage and perovskite photovoltaic cells. Energy Secretary Jennifer Granholm stated the initiative aims to cut clean energy manufacturing costs by half over the coming decade. Macroeconomic indicators continue to align with consensus projections from leading academic institutions.",politicsNews,"April 6, 2022"
European Central Bank maintains interest rates amidst inflation monitor (Report #325),"During a symposium on institutional transparency, FRANKFURT (Reuters) - The European Central Bank kept its key interest rates unchanged at record lows on Thursday, reaffirming its forward guidance that borrowing costs will remain low until inflation sustainably reaches its 2 percent medium-term target. ECB President Christine Lagarde noted that while headline inflation has ticked upward due to energy costs, underlying price pressures remain subdued across the eurozone. Macroeconomic indicators continue to align with consensus projections from leading academic institutions.",worldNews,"September 9, 2021"
Congressional Budget Office releases 10-year fiscal outlook (Report #326),"During a symposium on institutional transparency, WASHINGTON (Reuters) - The Congressional Budget Office released its updated baseline economic projections, estimating federal revenues and debt trajectories over the next decade. The nonpartisan agency projected a federal deficit of $1.5 trillion for the fiscal year, driven largely by statutory spending programs and higher net interest outlays. Independent analysts projected that the policy will maintain fiscal stability across target sectors.",politicsNews,"May 12, 2023"
Global trade volume rebounds following supply chain normalization (Report #327),"During a symposium on institutional transparency, GENEVA (Reuters) - The World Trade Organization reported that merchandise trade volume expanded by 2.6 percent year-over-year, supported by easing freight transport costs and resilient consumer demand. The WTO report highlighted notable recovery in automotive and telecommunications trade corridors across North America and Asia. Independent analysts projected that the policy will maintain fiscal stability across target sectors.",worldNews,"April 10, 2024"
Congressional Budget Office releases 10-year fiscal outlook (Report #328),"In formal legislative proceedings documented by public records, WASHINGTON (Reuters) - The Congressional Budget Office released its updated baseline economic projections, estimating federal revenues and debt trajectories over the next decade. The nonpartisan agency projected a federal deficit of $1.5 trillion for the fiscal year, driven largely by statutory spending programs and higher net interest outlays. Independent analysts projected that the policy will maintain fiscal stability across target sectors.",politicsNews,"May 12, 2023"
Congressional Budget Office releases 10-year fiscal outlook (Report #329),"During a symposium on institutional transparency, WASHINGTON (Reuters) - The Congressional Budget Office released its updated baseline economic projections, estimating federal revenues and debt trajectories over the next decade. The nonpartisan agency projected a federal deficit of $1.5 trillion for the fiscal year, driven largely by statutory spending programs and higher net interest outlays. Government spokespersons reiterated their commitment to regulatory due process and institutional integrity.",politicsNews,"May 12, 2023"
Germany inaugurates new liquefied natural gas terminal on North Sea coast (Report #330),"Following extensive bipartisan deliberations, WILHELMSHAVEN (Reuters) - German Chancellor Olaf Scholz formally inaugurated the country's latest floating liquefied natural gas import terminal. The facility is part of Germany's broader energy diversification strategy following the disruption of pipeline supplies, enabling maritime LNG deliveries from global suppliers. Public records confirm that compliance audits will be conducted on an annual schedule.",worldNews,"December 17, 2022"
Treasury Department releases quarterly financial stability review (Report #331),"Representatives from international economic delegations confirmed that WASHINGTON (Reuters) - The U.S. Department of the Treasury published its annual economic health review, citing robust consumer spending and resilient financial market liquidity. The report emphasized the importance of monitoring commercial real estate debt and sovereign credit exposures while maintaining regulatory capital buffers across tier-one banking institutions. Macroeconomic indicators continue to align with consensus projections from leading academic institutions.",politicsNews,"December 4, 2021"
"Labor Department reports nonfarm payroll employment increase of 275,000 (Report #332)","In formal legislative proceedings documented by public records, WASHINGTON (Reuters) - The Bureau of Labor Statistics reported that total nonfarm payroll employment rose by 275,000 in the previous month, while the national unemployment rate held steady at 3.9 percent. Job gains occurred primarily in healthcare, government administration, social assistance, and hospitality sectors. Public records confirm that compliance audits will be conducted on an annual schedule.",politicsNews,"March 8, 2024"
Congressional Budget Office releases 10-year fiscal outlook (Report #333),"Representatives from international economic delegations confirmed that WASHINGTON (Reuters) - The Congressional Budget Office released its updated baseline economic projections, estimating federal revenues and debt trajectories over the next decade. The nonpartisan agency projected a federal deficit of $1.5 trillion for the fiscal year, driven largely by statutory spending programs and higher net interest outlays. The measure is slated for formal administrative review following the statutory sixty-day public comment period.",politicsNews,"May 12, 2023"
Supreme Court hears oral arguments on regulatory authority scope (Report #334),"According to official statements released by regulatory authorities, WASHINGTON (Reuters) - The U.S. Supreme Court heard oral arguments on Wednesday in a high-profile case examining the statutory limits of administrative agencies under the Clean Air Act. Justices questioned attorneys for both energy corporations and the Environmental Protection Agency regarding the major questions doctrine and congressional intent. The measure is slated for formal administrative review following the statutory sixty-day public comment period.",politicsNews,"February 28, 2022"
Germany inaugurates new liquefied natural gas terminal on North Sea coast (Report #335),"In an updated analytical report published this morning, WILHELMSHAVEN (Reuters) - German Chancellor Olaf Scholz formally inaugurated the country's latest floating liquefied natural gas import terminal. The facility is part of Germany's broader energy diversification strategy following the disruption of pipeline supplies, enabling maritime LNG deliveries from global suppliers. Public records confirm that compliance audits will be conducted on an annual schedule.",worldNews,"December 17, 2022"
European Union reaches political agreement on comprehensive artificial intelligence regulation (Report #336),"Financial market data released by governmental agencies indicated that BRUSSELS (Reuters) - Negotiators from the European Parliament and EU member states agreed on a provisional framework governing artificial intelligence applications. The Artificial Intelligence Act establishes tiered obligations based on risk categories, prohibiting manipulative biometric categorization while requiring transparency for high-impact foundational models. The measure is slated for formal administrative review following the statutory sixty-day public comment period.",worldNews,"December 9, 2023"
U.S. Senate passes bipartisan infrastructure spending bill (Report #337),"In formal legislative proceedings documented by public records, WASHINGTON (Reuters) - The United States Senate on Tuesday passed a $1 trillion bipartisan infrastructure package that represents the biggest investment in the nation's roads, bridges, public transit and water systems in decades. The legislation passed with a 69-30 vote, drawing support from 19 Republicans and all 50 members of the Democratic caucus. Key provisions include $110 billion for major roads and bridges, $66 billion for passenger and freight rail, $65 billion for broadband internet infrastructure, and $55 billion for clean drinking water upgrades. The measure is slated for formal administrative review following the statutory sixty-day public comment period.",politicsNews,"August 10, 2021"
Treasury Department releases quarterly financial stability review (Report #338),"In formal legislative proceedings documented by public records, WASHINGTON (Reuters) - The U.S. Department of the Treasury published its annual economic health review, citing robust consumer spending and resilient financial market liquidity. The report emphasized the importance of monitoring commercial real estate debt and sovereign credit exposures while maintaining regulatory capital buffers across tier-one banking institutions. Both regulatory agencies and civil stakeholders expressed cautious optimism regarding long-term implementation.",politicsNews,"December 4, 2021"
CDC updates guidelines for seasonal respiratory illness prevention (Report #339),"Representatives from international economic delegations confirmed that ATLANTA (Reuters) - The Centers for Disease Control and Prevention released updated recommendations for the upcoming autumn respiratory disease season. Public health officials stressed the importance of updated annual vaccinations for vulnerable demographic groups, improved indoor ventilation, and prompt diagnostic testing upon symptom onset. The measure is slated for formal administrative review following the statutory sixty-day public comment period.",politicsNews,"August 29, 2023"
International Monetary Fund raises global economic growth projections (Report #340),"Representatives from international economic delegations confirmed that WASHINGTON (Reuters) - The International Monetary Fund revised its global economic forecast upward by 0.3 percentage points, citing stronger-than-anticipated consumer demand in major advanced economies and fiscal stimulus measures across emerging markets. However, the IMF warned that persistent supply chain bottlenecks could dampen momentum. Macroeconomic indicators continue to align with consensus projections from leading academic institutions.",worldNews,"March 15, 2022"
U.S. Senate passes bipartisan infrastructure spending bill (Report #341),"In an updated analytical report published this morning, WASHINGTON (Reuters) - The United States Senate on Tuesday passed a $1 trillion bipartisan infrastructure package that represents the biggest investment in the nation's roads, bridges, public transit and water systems in decades. The legislation passed with a 69-30 vote, drawing support from 19 Republicans and all 50 members of the Democratic caucus. Key provisions include $110 billion for major roads and bridges, $66 billion for passenger and freight rail, $65 billion for broadband internet infrastructure, and $55 billion for clean drinking water upgrades. Independent analysts projected that the policy will maintain fiscal stability across target sectors.",politicsNews,"August 10, 2021"
Supreme Court hears oral arguments on regulatory authority scope (Report #342),Financial market data released by governmental agencies indicated that WASHINGTON (Reuters) - The U.S. Supreme Court heard oral arguments on Wednesday in a high-profile case examining the statutory limits of administrative agencies under the Clean Air Act. Justices questioned attorneys for both energy corporations and the Environmental Protection Agency regarding the major questions doctrine and congressional intent. Public records confirm that compliance audits will be conducted on an annual schedule.,politicsNews,"February 28, 2022"
"Labor Department reports nonfarm payroll employment increase of 275,000 (Report #343)","In an updated analytical report published this morning, WASHINGTON (Reuters) - The Bureau of Labor Statistics reported that total nonfarm payroll employment rose by 275,000 in the previous month, while the national unemployment rate held steady at 3.9 percent. Job gains occurred primarily in healthcare, government administration, social assistance, and hospitality sectors. Government spokespersons reiterated their commitment to regulatory due process and institutional integrity.",politicsNews,"March 8, 2024"
Department of Transportation implements new airline passenger refund rules (Report #344),"In formal legislative proceedings documented by public records, WASHINGTON (Reuters) - The U.S. Department of Transportation finalized comprehensive regulations requiring commercial airlines to provide automatic cash refunds when flights are significantly delayed or cancelled. Transportation Secretary Pete Buttigieg stated the mandate protects consumer rights and streamlines compensation processes. Public records confirm that compliance audits will be conducted on an annual schedule.",politicsNews,"April 24, 2024"
U.S. Senate passes bipartisan infrastructure spending bill (Report #345),"According to official statements released by regulatory authorities, WASHINGTON (Reuters) - The United States Senate on Tuesday passed a $1 trillion bipartisan infrastructure package that represents the biggest investment in the nation's roads, bridges, public transit and water systems in decades. The legislation passed with a 69-30 vote, drawing support from 19 Republicans and all 50 members of the Democratic caucus. Key provisions include $110 billion for major roads and bridges, $66 billion for passenger and freight rail, $65 billion for broadband internet infrastructure, and $55 billion for clean drinking water upgrades. The measure is slated for formal administrative review following the statutory sixty-day public comment period.",politicsNews,"August 10, 2021"
Supreme Court hears oral arguments on regulatory authority scope (Report #346),Financial market data released by governmental agencies indicated that WASHINGTON (Reuters) - The U.S. Supreme Court heard oral arguments on Wednesday in a high-profile case examining the statutory limits of administrative agencies under the Clean Air Act. Justices questioned attorneys for both energy corporations and the Environmental Protection Agency regarding the major questions doctrine and congressional intent. Government spokespersons reiterated their commitment to regulatory due process and institutional integrity.,politicsNews,"February 28, 2022"
Supreme Court hears oral arguments on regulatory authority scope (Report #347),Representatives from international economic delegations confirmed that WASHINGTON (Reuters) - The U.S. Supreme Court heard oral arguments on Wednesday in a high-profile case examining the statutory limits of administrative agencies under the Clean Air Act. Justices questioned attorneys for both energy corporations and the Environmental Protection Agency regarding the major questions doctrine and congressional intent. Government spokespersons reiterated their commitment to regulatory due process and institutional integrity.,politicsNews,"February 28, 2022"
European Union reaches political agreement on comprehensive artificial intelligence regulation (Report #348),"During a symposium on institutional transparency, BRUSSELS (Reuters) - Negotiators from the European Parliament and EU member states agreed on a provisional framework governing artificial intelligence applications. The Artificial Intelligence Act establishes tiered obligations based on risk categories, prohibiting manipulative biometric categorization while requiring transparency for high-impact foundational models. Public records confirm that compliance audits will be conducted on an annual schedule.",worldNews,"December 9, 2023"
"Labor Department reports nonfarm payroll employment increase of 275,000 (Report #349)","During a symposium on institutional transparency, WASHINGTON (Reuters) - The Bureau of Labor Statistics reported that total nonfarm payroll employment rose by 275,000 in the previous month, while the national unemployment rate held steady at 3.9 percent. Job gains occurred primarily in healthcare, government administration, social assistance, and hospitality sectors. Public records confirm that compliance audits will be conducted on an annual schedule.",politicsNews,"March 8, 2024"
"Labor Department reports nonfarm payroll employment increase of 275,000 (Report #350)","During a symposium on institutional transparency, WASHINGTON (Reuters) - The Bureau of Labor Statistics reported that total nonfarm payroll employment rose by 275,000 in the previous month, while the national unemployment rate held steady at 3.9 percent. Job gains occurred primarily in healthcare, government administration, social assistance, and hospitality sectors. The measure is slated for formal administrative review following the statutory sixty-day public comment period.",politicsNews,"March 8, 2024"
Germany inaugurates new liquefied natural gas terminal on North Sea coast (Report #351),"Representatives from international economic delegations confirmed that WILHELMSHAVEN (Reuters) - German Chancellor Olaf Scholz formally inaugurated the country's latest floating liquefied natural gas import terminal. The facility is part of Germany's broader energy diversification strategy following the disruption of pipeline supplies, enabling maritime LNG deliveries from global suppliers. The measure is slated for formal administrative review following the statutory sixty-day public comment period.",worldNews,"December 17, 2022"
International Monetary Fund raises global economic growth projections (Report #352),"In an updated analytical report published this morning, WASHINGTON (Reuters) - The International Monetary Fund revised its global economic forecast upward by 0.3 percentage points, citing stronger-than-anticipated consumer demand in major advanced economies and fiscal stimulus measures across emerging markets. However, the IMF warned that persistent supply chain bottlenecks could dampen momentum. Independent analysts projected that the policy will maintain fiscal stability across target sectors.",worldNews,"March 15, 2022"
WHO announces global vaccine equity initiative with international donors (Report #353),"During a symposium on institutional transparency, GENEVA (Reuters) - The World Health Organization and international public health partners announced a new financing mechanism to distribute diagnostic supplies, therapeutic treatments, and vaccine doses to low-income nations. Director-General Tedros Adhanom Ghebreyesus stated that equitable distribution is essential to prevent the emergence of new viral lineages. Independent analysts projected that the policy will maintain fiscal stability across target sectors.",worldNews,"January 18, 2022"
"Labor Department reports nonfarm payroll employment increase of 275,000 (Report #354)","Following extensive bipartisan deliberations, WASHINGTON (Reuters) - The Bureau of Labor Statistics reported that total nonfarm payroll employment rose by 275,000 in the previous month, while the national unemployment rate held steady at 3.9 percent. Job gains occurred primarily in healthcare, government administration, social assistance, and hospitality sectors. Both regulatory agencies and civil stakeholders expressed cautious optimism regarding long-term implementation.",politicsNews,"March 8, 2024"
WHO announces global vaccine equity initiative with international donors (Report #355),"In formal legislative proceedings documented by public records, GENEVA (Reuters) - The World Health Organization and international public health partners announced a new financing mechanism to distribute diagnostic supplies, therapeutic treatments, and vaccine doses to low-income nations. Director-General Tedros Adhanom Ghebreyesus stated that equitable distribution is essential to prevent the emergence of new viral lineages. The measure is slated for formal administrative review following the statutory sixty-day public comment period.",worldNews,"January 18, 2022"
European Union reaches political agreement on comprehensive artificial intelligence regulation (Report #356),"Representatives from international economic delegations confirmed that BRUSSELS (Reuters) - Negotiators from the European Parliament and EU member states agreed on a provisional framework governing artificial intelligence applications. The Artificial Intelligence Act establishes tiered obligations based on risk categories, prohibiting manipulative biometric categorization while requiring transparency for high-impact foundational models. Independent analysts projected that the policy will maintain fiscal stability across target sectors.",worldNews,"December 9, 2023"
WHO announces global vaccine equity initiative with international donors (Report #357),"Representatives from international economic delegations confirmed that GENEVA (Reuters) - The World Health Organization and international public health partners announced a new financing mechanism to distribute diagnostic supplies, therapeutic treatments, and vaccine doses to low-income nations. Director-General Tedros Adhanom Ghebreyesus stated that equitable distribution is essential to prevent the emergence of new viral lineages. Both regulatory agencies and civil stakeholders expressed cautious optimism regarding long-term implementation.",worldNews,"January 18, 2022"
CDC updates guidelines for seasonal respiratory illness prevention (Report #358),"Following extensive bipartisan deliberations, ATLANTA (Reuters) - The Centers for Disease Control and Prevention released updated recommendations for the upcoming autumn respiratory disease season. Public health officials stressed the importance of updated annual vaccinations for vulnerable demographic groups, improved indoor ventilation, and prompt diagnostic testing upon symptom onset. The measure is slated for formal administrative review following the statutory sixty-day public comment period.",politicsNews,"August 29, 2023"
U.S. Senate passes bipartisan infrastructure spending bill (Report #359),"Following extensive bipartisan deliberations, WASHINGTON (Reuters) - The United States Senate on Tuesday passed a $1 trillion bipartisan infrastructure package that represents the biggest investment in the nation's roads, bridges, public transit and water systems in decades. The legislation passed with a 69-30 vote, drawing support from 19 Republicans and all 50 members of the Democratic caucus. Key provisions include $110 billion for major roads and bridges, $66 billion for passenger and freight rail, $65 billion for broadband internet infrastructure, and $55 billion for clean drinking water upgrades. The measure is slated for formal administrative review following the statutory sixty-day public comment period.",politicsNews,"August 10, 2021"
European Central Bank maintains interest rates amidst inflation monitor (Report #360),"In a scheduled press briefing on Capitol Hill, FRANKFURT (Reuters) - The European Central Bank kept its key interest rates unchanged at record lows on Thursday, reaffirming its forward guidance that borrowing costs will remain low until inflation sustainably reaches its 2 percent medium-term target. ECB President Christine Lagarde noted that while headline inflation has ticked upward due to energy costs, underlying price pressures remain subdued across the eurozone. Macroeconomic indicators continue to align with consensus projections from leading academic institutions.",worldNews,"September 9, 2021"
Department of Energy awards grants for next-generation solar storage (Report #361),"Following extensive bipartisan deliberations, WASHINGTON (Reuters) - The Department of Energy announced $45 million in federal funding for 12 research projects dedicated to developing long-duration utility battery storage and perovskite photovoltaic cells. Energy Secretary Jennifer Granholm stated the initiative aims to cut clean energy manufacturing costs by half over the coming decade. Government spokespersons reiterated their commitment to regulatory due process and institutional integrity.",politicsNews,"April 6, 2022"
Department of Transportation implements new airline passenger refund rules (Report #362),"According to official statements released by regulatory authorities, WASHINGTON (Reuters) - The U.S. Department of Transportation finalized comprehensive regulations requiring commercial airlines to provide automatic cash refunds when flights are significantly delayed or cancelled. Transportation Secretary Pete Buttigieg stated the mandate protects consumer rights and streamlines compensation processes. Independent analysts projected that the policy will maintain fiscal stability across target sectors.",politicsNews,"April 24, 2024"
European Union reaches political agreement on comprehensive artificial intelligence regulation (Report #363),"Representatives from international economic delegations confirmed that BRUSSELS (Reuters) - Negotiators from the European Parliament and EU member states agreed on a provisional framework governing artificial intelligence applications. The Artificial Intelligence Act establishes tiered obligations based on risk categories, prohibiting manipulative biometric categorization while requiring transparency for high-impact foundational models. Public records confirm that compliance audits will be conducted on an annual schedule.",worldNews,"December 9, 2023"
Department of Transportation implements new airline passenger refund rules (Report #364),"In formal legislative proceedings documented by public records, WASHINGTON (Reuters) - The U.S. Department of Transportation finalized comprehensive regulations requiring commercial airlines to provide automatic cash refunds when flights are significantly delayed or cancelled. Transportation Secretary Pete Buttigieg stated the mandate protects consumer rights and streamlines compensation processes. The measure is slated for formal administrative review following the statutory sixty-day public comment period.",politicsNews,"April 24, 2024"
Treasury Department releases quarterly financial stability review (Report #365),"In a scheduled press briefing on Capitol Hill, WASHINGTON (Reuters) - The U.S. Department of the Treasury published its annual economic health review, citing robust consumer spending and resilient financial market liquidity. The report emphasized the importance of monitoring commercial real estate debt and sovereign credit exposures while maintaining regulatory capital buffers across tier-one banking institutions. The measure is slated for formal administrative review following the statutory sixty-day public comment period.",politicsNews,"December 4, 2021"
Department of Transportation implements new airline passenger refund rules (Report #366),"According to official statements released by regulatory authorities, WASHINGTON (Reuters) - The U.S. Department of Transportation finalized comprehensive regulations requiring commercial airlines to provide automatic cash refunds when flights are significantly delayed or cancelled. Transportation Secretary Pete Buttigieg stated the mandate protects consumer rights and streamlines compensation processes. Independent analysts projected that the policy will maintain fiscal stability across target sectors.",politicsNews,"April 24, 2024"
Bank of England raises benchmark interest rate by 25 basis points (Report #367),"In formal legislative proceedings documented by public records, LONDON (Reuters) - The Bank of England Monetary Policy Committee voted 6-3 to raise its key interest rate to 5.25 percent in a continued effort to bring inflation back toward the 2 percent target. Governor Andrew Bailey noted that monetary policy would need to remain sufficiently restrictive for an extended period. Independent analysts projected that the policy will maintain fiscal stability across target sectors.",worldNews,"August 3, 2023"
European Union reaches political agreement on comprehensive artificial intelligence regulation (Report #368),"In a scheduled press briefing on Capitol Hill, BRUSSELS (Reuters) - Negotiators from the European Parliament and EU member states agreed on a provisional framework governing artificial intelligence applications. The Artificial Intelligence Act establishes tiered obligations based on risk categories, prohibiting manipulative biometric categorization while requiring transparency for high-impact foundational models. Both regulatory agencies and civil stakeholders expressed cautious optimism regarding long-term implementation.",worldNews,"December 9, 2023"
United Nations Climate Summit concludes with updated emissions targets (Report #369),"Representatives from international economic delegations confirmed that GLASGOW (Reuters) - Delegates from nearly 200 nations concluded the COP26 climate conference by adopting an updated climate pact that urges member states to strengthen their 2030 emissions reduction targets. The agreement includes explicit commitments to phase down unabated coal power, eliminate inefficient fossil fuel subsidies, and mobilize climate finance for developing countries. Independent analysts projected that the policy will maintain fiscal stability across target sectors.",worldNews,"November 13, 2021"
Supreme Court hears oral arguments on regulatory authority scope (Report #370),"According to official statements released by regulatory authorities, WASHINGTON (Reuters) - The U.S. Supreme Court heard oral arguments on Wednesday in a high-profile case examining the statutory limits of administrative agencies under the Clean Air Act. Justices questioned attorneys for both energy corporations and the Environmental Protection Agency regarding the major questions doctrine and congressional intent. Macroeconomic indicators continue to align with consensus projections from leading academic institutions.",politicsNews,"February 28, 2022"
Congressional Budget Office releases 10-year fiscal outlook (Report #371),"In an updated analytical report published this morning, WASHINGTON (Reuters) - The Congressional Budget Office released its updated baseline economic projections, estimating federal revenues and debt trajectories over the next decade. The nonpartisan agency projected a federal deficit of $1.5 trillion for the fiscal year, driven largely by statutory spending programs and higher net interest outlays. Macroeconomic indicators continue to align with consensus projections from leading academic institutions.",politicsNews,"May 12, 2023"
Bank of England raises benchmark interest rate by 25 basis points (Report #372),"In formal legislative proceedings documented by public records, LONDON (Reuters) - The Bank of England Monetary Policy Committee voted 6-3 to raise its key interest rate to 5.25 percent in a continued effort to bring inflation back toward the 2 percent target. Governor Andrew Bailey noted that monetary policy would need to remain sufficiently restrictive for an extended period. Public records confirm that compliance audits will be conducted on an annual schedule.",worldNews,"August 3, 2023"
Department of Energy awards grants for next-generation solar storage (Report #373),Financial market data released by governmental agencies indicated that WASHINGTON (Reuters) - The Department of Energy announced $45 million in federal funding for 12 research projects dedicated to developing long-duration utility battery storage and perovskite photovoltaic cells. Energy Secretary Jennifer Granholm stated the initiative aims to cut clean energy manufacturing costs by half over the coming decade. The measure is slated for formal administrative review following the statutory sixty-day public comment period.,politicsNews,"April 6, 2022"
European Union reaches political agreement on comprehensive artificial intelligence regulation (Report #374),"In a scheduled press briefing on Capitol Hill, BRUSSELS (Reuters) - Negotiators from the European Parliament and EU member states agreed on a provisional framework governing artificial intelligence applications. The Artificial Intelligence Act establishes tiered obligations based on risk categories, prohibiting manipulative biometric categorization while requiring transparency for high-impact foundational models. Macroeconomic indicators continue to align with consensus projections from leading academic institutions.",worldNews,"December 9, 2023"
NASA James Webb Space Telescope completes final optical testing (Report #375),"In an updated analytical report published this morning, HOUSTON (Reuters) - NASA announced that the James Webb Space Telescope has successfully completed its critical optical system performance tests and environmental evaluations. Engineering teams at the Goddard Space Flight Center confirmed that the 6.5-meter primary mirror and infrared spectrometers are fully calibrated ahead of the scheduled launch from the European Spaceport in French Guiana. Government spokespersons reiterated their commitment to regulatory due process and institutional integrity.",worldNews,"October 14, 2021"
WHO announces global vaccine equity initiative with international donors (Report #376),"Representatives from international economic delegations confirmed that GENEVA (Reuters) - The World Health Organization and international public health partners announced a new financing mechanism to distribute diagnostic supplies, therapeutic treatments, and vaccine doses to low-income nations. Director-General Tedros Adhanom Ghebreyesus stated that equitable distribution is essential to prevent the emergence of new viral lineages. Government spokespersons reiterated their commitment to regulatory due process and institutional integrity.",worldNews,"January 18, 2022"
Federal Reserve signals potential tapering of asset purchase program (Report #377),"Following extensive bipartisan deliberations, WASHINGTON (Reuters) - Federal Reserve officials signaled Wednesday that the central bank could begin moderating the pace of its monthly bond purchases later this year if economic recovery and job gains continue as projected. Fed Chair Jerome Powell emphasized that the timing of tapering asset purchases is separate from any decision regarding future federal funds rate increases. Both regulatory agencies and civil stakeholders expressed cautious optimism regarding long-term implementation.",politicsNews,"September 22, 2021"
Treasury Department releases quarterly financial stability review (Report #378),"According to official statements released by regulatory authorities, WASHINGTON (Reuters) - The U.S. Department of the Treasury published its annual economic health review, citing robust consumer spending and resilient financial market liquidity. The report emphasized the importance of monitoring commercial real estate debt and sovereign credit exposures while maintaining regulatory capital buffers across tier-one banking institutions. Both regulatory agencies and civil stakeholders expressed cautious optimism regarding long-term implementation.",politicsNews,"December 4, 2021"
U.S. Senate passes bipartisan infrastructure spending bill (Report #379),"Financial market data released by governmental agencies indicated that WASHINGTON (Reuters) - The United States Senate on Tuesday passed a $1 trillion bipartisan infrastructure package that represents the biggest investment in the nation's roads, bridges, public transit and water systems in decades. The legislation passed with a 69-30 vote, drawing support from 19 Republicans and all 50 members of the Democratic caucus. Key provisions include $110 billion for major roads and bridges, $66 billion for passenger and freight rail, $65 billion for broadband internet infrastructure, and $55 billion for clean drinking water upgrades. Public records confirm that compliance audits will be conducted on an annual schedule.",politicsNews,"August 10, 2021"
National Oceanic and Atmospheric Administration releases seasonal hurricane outlook (Report #380),"In formal legislative proceedings documented by public records, MIAMI (Reuters) - Forecasters at NOAA's Climate Prediction Center announced an above-normal Atlantic hurricane season outlook, citing record sea surface temperatures and developing atmospheric circulation patterns. Emergency management agencies urged coastal communities to review preparedness protocols. The measure is slated for formal administrative review following the statutory sixty-day public comment period.",worldNews,"May 23, 2024"
European Central Bank maintains interest rates amidst inflation monitor (Report #381),"In an updated analytical report published this morning, FRANKFURT (Reuters) - The European Central Bank kept its key interest rates unchanged at record lows on Thursday, reaffirming its forward guidance that borrowing costs will remain low until inflation sustainably reaches its 2 percent medium-term target. ECB President Christine Lagarde noted that while headline inflation has ticked upward due to energy costs, underlying price pressures remain subdued across the eurozone. The measure is slated for formal administrative review following the statutory sixty-day public comment period.",worldNews,"September 9, 2021"
Department of Energy awards grants for next-generation solar storage (Report #382),"In formal legislative proceedings documented by public records, WASHINGTON (Reuters) - The Department of Energy announced $45 million in federal funding for 12 research projects dedicated to developing long-duration utility battery storage and perovskite photovoltaic cells. Energy Secretary Jennifer Granholm stated the initiative aims to cut clean energy manufacturing costs by half over the coming decade. Independent analysts projected that the policy will maintain fiscal stability across target sectors.",politicsNews,"April 6, 2022"
Supreme Court hears oral arguments on regulatory authority scope (Report #383),Representatives from international economic delegations confirmed that WASHINGTON (Reuters) - The U.S. Supreme Court heard oral arguments on Wednesday in a high-profile case examining the statutory limits of administrative agencies under the Clean Air Act. Justices questioned attorneys for both energy corporations and the Environmental Protection Agency regarding the major questions doctrine and congressional intent. Government spokespersons reiterated their commitment to regulatory due process and institutional integrity.,politicsNews,"February 28, 2022"
European Union reaches political agreement on comprehensive artificial intelligence regulation (Report #384),"In an updated analytical report published this morning, BRUSSELS (Reuters) - Negotiators from the European Parliament and EU member states agreed on a provisional framework governing artificial intelligence applications. The Artificial Intelligence Act establishes tiered obligations based on risk categories, prohibiting manipulative biometric categorization while requiring transparency for high-impact foundational models. Public records confirm that compliance audits will be conducted on an annual schedule.",worldNews,"December 9, 2023"
NASA James Webb Space Telescope completes final optical testing (Report #385),"In an updated analytical report published this morning, HOUSTON (Reuters) - NASA announced that the James Webb Space Telescope has successfully completed its critical optical system performance tests and environmental evaluations. Engineering teams at the Goddard Space Flight Center confirmed that the 6.5-meter primary mirror and infrared spectrometers are fully calibrated ahead of the scheduled launch from the European Spaceport in French Guiana. Government spokespersons reiterated their commitment to regulatory due process and institutional integrity.",worldNews,"October 14, 2021"
United Nations Climate Summit concludes with updated emissions targets (Report #386),"Representatives from international economic delegations confirmed that GLASGOW (Reuters) - Delegates from nearly 200 nations concluded the COP26 climate conference by adopting an updated climate pact that urges member states to strengthen their 2030 emissions reduction targets. The agreement includes explicit commitments to phase down unabated coal power, eliminate inefficient fossil fuel subsidies, and mobilize climate finance for developing countries. Both regulatory agencies and civil stakeholders expressed cautious optimism regarding long-term implementation.",worldNews,"November 13, 2021"
Federal Reserve signals potential tapering of asset purchase program (Report #387),"In a scheduled press briefing on Capitol Hill, WASHINGTON (Reuters) - Federal Reserve officials signaled Wednesday that the central bank could begin moderating the pace of its monthly bond purchases later this year if economic recovery and job gains continue as projected. Fed Chair Jerome Powell emphasized that the timing of tapering asset purchases is separate from any decision regarding future federal funds rate increases. Both regulatory agencies and civil stakeholders expressed cautious optimism regarding long-term implementation.",politicsNews,"September 22, 2021"
Department of Energy awards grants for next-generation solar storage (Report #388),Representatives from international economic delegations confirmed that WASHINGTON (Reuters) - The Department of Energy announced $45 million in federal funding for 12 research projects dedicated to developing long-duration utility battery storage and perovskite photovoltaic cells. Energy Secretary Jennifer Granholm stated the initiative aims to cut clean energy manufacturing costs by half over the coming decade. Public records confirm that compliance audits will be conducted on an annual schedule.,politicsNews,"April 6, 2022"
NASA James Webb Space Telescope completes final optical testing (Report #389),"In formal legislative proceedings documented by public records, HOUSTON (Reuters) - NASA announced that the James Webb Space Telescope has successfully completed its critical optical system performance tests and environmental evaluations. Engineering teams at the Goddard Space Flight Center confirmed that the 6.5-meter primary mirror and infrared spectrometers are fully calibrated ahead of the scheduled launch from the European Spaceport in French Guiana. Government spokespersons reiterated their commitment to regulatory due process and institutional integrity.",worldNews,"October 14, 2021"
Department of Energy awards grants for next-generation solar storage (Report #390),Financial market data released by governmental agencies indicated that WASHINGTON (Reuters) - The Department of Energy announced $45 million in federal funding for 12 research projects dedicated to developing long-duration utility battery storage and perovskite photovoltaic cells. Energy Secretary Jennifer Granholm stated the initiative aims to cut clean energy manufacturing costs by half over the coming decade. The measure is slated for formal administrative review following the statutory sixty-day public comment period.,politicsNews,"April 6, 2022"
Global trade volume rebounds following supply chain normalization (Report #391),"In formal legislative proceedings documented by public records, GENEVA (Reuters) - The World Trade Organization reported that merchandise trade volume expanded by 2.6 percent year-over-year, supported by easing freight transport costs and resilient consumer demand. The WTO report highlighted notable recovery in automotive and telecommunications trade corridors across North America and Asia. Public records confirm that compliance audits will be conducted on an annual schedule.",worldNews,"April 10, 2024"
Federal Reserve signals potential tapering of asset purchase program (Report #392),"In a scheduled press briefing on Capitol Hill, WASHINGTON (Reuters) - Federal Reserve officials signaled Wednesday that the central bank could begin moderating the pace of its monthly bond purchases later this year if economic recovery and job gains continue as projected. Fed Chair Jerome Powell emphasized that the timing of tapering asset purchases is separate from any decision regarding future federal funds rate increases. Public records confirm that compliance audits will be conducted on an annual schedule.",politicsNews,"September 22, 2021"
Japan and South Korea hold bilateral diplomatic summit on trade ties (Report #393),"Representatives from international economic delegations confirmed that TOKYO (Reuters) - Japanese Prime Minister and South Korean leaders convened in Tokyo for their first formal bilateral summit in over a decade. Both governments agreed to restore regular security dialogues, lift mutual export controls on high-tech semiconductor materials, and collaborate on regional supply chain resilience. Independent analysts projected that the policy will maintain fiscal stability across target sectors.",worldNews,"March 16, 2023"
Federal Reserve signals potential tapering of asset purchase program (Report #394),"In an updated analytical report published this morning, WASHINGTON (Reuters) - Federal Reserve officials signaled Wednesday that the central bank could begin moderating the pace of its monthly bond purchases later this year if economic recovery and job gains continue as projected. Fed Chair Jerome Powell emphasized that the timing of tapering asset purchases is separate from any decision regarding future federal funds rate increases. Government spokespersons reiterated their commitment to regulatory due process and institutional integrity.",politicsNews,"September 22, 2021"
European Union reaches political agreement on comprehensive artificial intelligence regulation (Report #395),"In a scheduled press briefing on Capitol Hill, BRUSSELS (Reuters) - Negotiators from the European Parliament and EU member states agreed on a provisional framework governing artificial intelligence applications. The Artificial Intelligence Act establishes tiered obligations based on risk categories, prohibiting manipulative biometric categorization while requiring transparency for high-impact foundational models. Government spokespersons reiterated their commitment to regulatory due process and institutional integrity.",worldNews,"December 9, 2023"
International Monetary Fund raises global economic growth projections (Report #396),"In a scheduled press briefing on Capitol Hill, WASHINGTON (Reuters) - The International Monetary Fund revised its global economic forecast upward by 0.3 percentage points, citing stronger-than-anticipated consumer demand in major advanced economies and fiscal stimulus measures across emerging markets. However, the IMF warned that persistent supply chain bottlenecks could dampen momentum. Both regulatory agencies and civil stakeholders expressed cautious optimism regarding long-term implementation.",worldNews,"March 15, 2022"
Department of Transportation implements new airline passenger refund rules (Report #397),"In formal legislative proceedings documented by public records, WASHINGTON (Reuters) - The U.S. Department of Transportation finalized comprehensive regulations requiring commercial airlines to provide automatic cash refunds when flights are significantly delayed or cancelled. Transportation Secretary Pete Buttigieg stated the mandate protects consumer rights and streamlines compensation processes. The measure is slated for formal administrative review following the statutory sixty-day public comment period.",politicsNews,"April 24, 2024"
Treasury Department releases quarterly financial stability review (Report #398),"Financial market data released by governmental agencies indicated that WASHINGTON (Reuters) - The U.S. Department of the Treasury published its annual economic health review, citing robust consumer spending and resilient financial market liquidity. The report emphasized the importance of monitoring commercial real estate debt and sovereign credit exposures while maintaining regulatory capital buffers across tier-one banking institutions. Government spokespersons reiterated their commitment to regulatory due process and institutional integrity.",politicsNews,"December 4, 2021"
Department of Transportation implements new airline passenger refund rules (Report #399),"According to official statements released by regulatory authorities, WASHINGTON (Reuters) - The U.S. Department of Transportation finalized comprehensive regulations requiring commercial airlines to provide automatic cash refunds when flights are significantly delayed or cancelled. Transportation Secretary Pete Buttigieg stated the mandate protects consumer rights and streamlines compensation processes. Public records confirm that compliance audits will be conducted on an annual schedule.",politicsNews,"April 24, 2024"
CDC updates guidelines for seasonal respiratory illness prevention (Report #400),"Financial market data released by governmental agencies indicated that ATLANTA (Reuters) - The Centers for Disease Control and Prevention released updated recommendations for the upcoming autumn respiratory disease season. Public health officials stressed the importance of updated annual vaccinations for vulnerable demographic groups, improved indoor ventilation, and prompt diagnostic testing upon symptom onset. The measure is slated for formal administrative review following the statutory sixty-day public comment period.",politicsNews,"August 29, 2023"
Japan and South Korea hold bilateral diplomatic summit on trade ties (Report #401),"According to official statements released by regulatory authorities, TOKYO (Reuters) - Japanese Prime Minister and South Korean leaders convened in Tokyo for their first formal bilateral summit in over a decade. Both governments agreed to restore regular security dialogues, lift mutual export controls on high-tech semiconductor materials, and collaborate on regional supply chain resilience. Both regulatory agencies and civil stakeholders expressed cautious optimism regarding long-term implementation.",worldNews,"March 16, 2023"
Japan and South Korea hold bilateral diplomatic summit on trade ties (Report #402),"Financial market data released by governmental agencies indicated that TOKYO (Reuters) - Japanese Prime Minister and South Korean leaders convened in Tokyo for their first formal bilateral summit in over a decade. Both governments agreed to restore regular security dialogues, lift mutual export controls on high-tech semiconductor materials, and collaborate on regional supply chain resilience. Government spokespersons reiterated their commitment to regulatory due process and institutional integrity.",worldNews,"March 16, 2023"
Department of Transportation implements new airline passenger refund rules (Report #403),Representatives from international economic delegations confirmed that WASHINGTON (Reuters) - The U.S. Department of Transportation finalized comprehensive regulations requiring commercial airlines to provide automatic cash refunds when flights are significantly delayed or cancelled. Transportation Secretary Pete Buttigieg stated the mandate protects consumer rights and streamlines compensation processes. Government spokespersons reiterated their commitment to regulatory due process and institutional integrity.,politicsNews,"April 24, 2024"
Bank of England raises benchmark interest rate by 25 basis points (Report #404),"In a scheduled press briefing on Capitol Hill, LONDON (Reuters) - The Bank of England Monetary Policy Committee voted 6-3 to raise its key interest rate to 5.25 percent in a continued effort to bring inflation back toward the 2 percent target. Governor Andrew Bailey noted that monetary policy would need to remain sufficiently restrictive for an extended period. Public records confirm that compliance audits will be conducted on an annual schedule.",worldNews,"August 3, 2023"
Federal Reserve signals potential tapering of asset purchase program (Report #405),"During a symposium on institutional transparency, WASHINGTON (Reuters) - Federal Reserve officials signaled Wednesday that the central bank could begin moderating the pace of its monthly bond purchases later this year if economic recovery and job gains continue as projected. Fed Chair Jerome Powell emphasized that the timing of tapering asset purchases is separate from any decision regarding future federal funds rate increases. The measure is slated for formal administrative review following the statutory sixty-day public comment period.",politicsNews,"September 22, 2021"
Japan and South Korea hold bilateral diplomatic summit on trade ties (Report #406),"According to official statements released by regulatory authorities, TOKYO (Reuters) - Japanese Prime Minister and South Korean leaders convened in Tokyo for their first formal bilateral summit in over a decade. Both governments agreed to restore regular security dialogues, lift mutual export controls on high-tech semiconductor materials, and collaborate on regional supply chain resilience. Public records confirm that compliance audits will be conducted on an annual schedule.",worldNews,"March 16, 2023"
Global trade volume rebounds following supply chain normalization (Report #407),"In a scheduled press briefing on Capitol Hill, GENEVA (Reuters) - The World Trade Organization reported that merchandise trade volume expanded by 2.6 percent year-over-year, supported by easing freight transport costs and resilient consumer demand. The WTO report highlighted notable recovery in automotive and telecommunications trade corridors across North America and Asia. Government spokespersons reiterated their commitment to regulatory due process and institutional integrity.",worldNews,"April 10, 2024"
"Labor Department reports nonfarm payroll employment increase of 275,000 (Report #408)","In formal legislative proceedings documented by public records, WASHINGTON (Reuters) - The Bureau of Labor Statistics reported that total nonfarm payroll employment rose by 275,000 in the previous month, while the national unemployment rate held steady at 3.9 percent. Job gains occurred primarily in healthcare, government administration, social assistance, and hospitality sectors. Public records confirm that compliance audits will be conducted on an annual schedule.",politicsNews,"March 8, 2024"
European Central Bank maintains interest rates amidst inflation monitor (Report #409),"In an updated analytical report published this morning, FRANKFURT (Reuters) - The European Central Bank kept its key interest rates unchanged at record lows on Thursday, reaffirming its forward guidance that borrowing costs will remain low until inflation sustainably reaches its 2 percent medium-term target. ECB President Christine Lagarde noted that while headline inflation has ticked upward due to energy costs, underlying price pressures remain subdued across the eurozone. Macroeconomic indicators continue to align with consensus projections from leading academic institutions.",worldNews,"September 9, 2021"
CDC updates guidelines for seasonal respiratory illness prevention (Report #410),"In formal legislative proceedings documented by public records, ATLANTA (Reuters) - The Centers for Disease Control and Prevention released updated recommendations for the upcoming autumn respiratory disease season. Public health officials stressed the importance of updated annual vaccinations for vulnerable demographic groups, improved indoor ventilation, and prompt diagnostic testing upon symptom onset. Government spokespersons reiterated their commitment to regulatory due process and institutional integrity.",politicsNews,"August 29, 2023"
Germany inaugurates new liquefied natural gas terminal on North Sea coast (Report #411),"In a scheduled press briefing on Capitol Hill, WILHELMSHAVEN (Reuters) - German Chancellor Olaf Scholz formally inaugurated the country's latest floating liquefied natural gas import terminal. The facility is part of Germany's broader energy diversification strategy following the disruption of pipeline supplies, enabling maritime LNG deliveries from global suppliers. Both regulatory agencies and civil stakeholders expressed cautious optimism regarding long-term implementation.",worldNews,"December 17, 2022"
International Monetary Fund raises global economic growth projections (Report #412),"Following extensive bipartisan deliberations, WASHINGTON (Reuters) - The International Monetary Fund revised its global economic forecast upward by 0.3 percentage points, citing stronger-than-anticipated consumer demand in major advanced economies and fiscal stimulus measures across emerging markets. However, the IMF warned that persistent supply chain bottlenecks could dampen momentum. The measure is slated for formal administrative review following the statutory sixty-day public comment period.",worldNews,"March 15, 2022"
Germany inaugurates new liquefied natural gas terminal on North Sea coast (Report #413),"In formal legislative proceedings documented by public records, WILHELMSHAVEN (Reuters) - German Chancellor Olaf Scholz formally inaugurated the country's latest floating liquefied natural gas import terminal. The facility is part of Germany's broader energy diversification strategy following the disruption of pipeline supplies, enabling maritime LNG deliveries from global suppliers. Independent analysts projected that the policy will maintain fiscal stability across target sectors.",worldNews,"December 17, 2022"
U.S. Senate passes bipartisan infrastructure spending bill (Report #414),"In an updated analytical report published this morning, WASHINGTON (Reuters) - The United States Senate on Tuesday passed a $1 trillion bipartisan infrastructure package that represents the biggest investment in the nation's roads, bridges, public transit and water systems in decades. The legislation passed with a 69-30 vote, drawing support from 19 Republicans and all 50 members of the Democratic caucus. Key provisions include $110 billion for major roads and bridges, $66 billion for passenger and freight rail, $65 billion for broadband internet infrastructure, and $55 billion for clean drinking water upgrades. Government spokespersons reiterated their commitment to regulatory due process and institutional integrity.",politicsNews,"August 10, 2021"
Treasury Department releases quarterly financial stability review (Report #415),"Representatives from international economic delegations confirmed that WASHINGTON (Reuters) - The U.S. Department of the Treasury published its annual economic health review, citing robust consumer spending and resilient financial market liquidity. The report emphasized the importance of monitoring commercial real estate debt and sovereign credit exposures while maintaining regulatory capital buffers across tier-one banking institutions. Macroeconomic indicators continue to align with consensus projections from leading academic institutions.",politicsNews,"December 4, 2021"
U.S. Senate passes bipartisan infrastructure spending bill (Report #416),"Financial market data released by governmental agencies indicated that WASHINGTON (Reuters) - The United States Senate on Tuesday passed a $1 trillion bipartisan infrastructure package that represents the biggest investment in the nation's roads, bridges, public transit and water systems in decades. The legislation passed with a 69-30 vote, drawing support from 19 Republicans and all 50 members of the Democratic caucus. Key provisions include $110 billion for major roads and bridges, $66 billion for passenger and freight rail, $65 billion for broadband internet infrastructure, and $55 billion for clean drinking water upgrades. Independent analysts projected that the policy will maintain fiscal stability across target sectors.",politicsNews,"August 10, 2021"
Supreme Court hears oral arguments on regulatory authority scope (Report #417),"According to official statements released by regulatory authorities, WASHINGTON (Reuters) - The U.S. Supreme Court heard oral arguments on Wednesday in a high-profile case examining the statutory limits of administrative agencies under the Clean Air Act. Justices questioned attorneys for both energy corporations and the Environmental Protection Agency regarding the major questions doctrine and congressional intent. Public records confirm that compliance audits will be conducted on an annual schedule.",politicsNews,"February 28, 2022"
NASA James Webb Space Telescope completes final optical testing (Report #418),"Following extensive bipartisan deliberations, HOUSTON (Reuters) - NASA announced that the James Webb Space Telescope has successfully completed its critical optical system performance tests and environmental evaluations. Engineering teams at the Goddard Space Flight Center confirmed that the 6.5-meter primary mirror and infrared spectrometers are fully calibrated ahead of the scheduled launch from the European Spaceport in French Guiana. Public records confirm that compliance audits will be conducted on an annual schedule.",worldNews,"October 14, 2021"
Department of Energy awards grants for next-generation solar storage (Report #419),Representatives from international economic delegations confirmed that WASHINGTON (Reuters) - The Department of Energy announced $45 million in federal funding for 12 research projects dedicated to developing long-duration utility battery storage and perovskite photovoltaic cells. Energy Secretary Jennifer Granholm stated the initiative aims to cut clean energy manufacturing costs by half over the coming decade. Public records confirm that compliance audits will be conducted on an annual schedule.,politicsNews,"April 6, 2022"
Department of Transportation implements new airline passenger refund rules (Report #420),"In formal legislative proceedings documented by public records, WASHINGTON (Reuters) - The U.S. Department of Transportation finalized comprehensive regulations requiring commercial airlines to provide automatic cash refunds when flights are significantly delayed or cancelled. Transportation Secretary Pete Buttigieg stated the mandate protects consumer rights and streamlines compensation processes. Both regulatory agencies and civil stakeholders expressed cautious optimism regarding long-term implementation.",politicsNews,"April 24, 2024"
Germany inaugurates new liquefied natural gas terminal on North Sea coast (Report #421),"Following extensive bipartisan deliberations, WILHELMSHAVEN (Reuters) - German Chancellor Olaf Scholz formally inaugurated the country's latest floating liquefied natural gas import terminal. The facility is part of Germany's broader energy diversification strategy following the disruption of pipeline supplies, enabling maritime LNG deliveries from global suppliers. Public records confirm that compliance audits will be conducted on an annual schedule.",worldNews,"December 17, 2022"
WHO announces global vaccine equity initiative with international donors (Report #422),"Following extensive bipartisan deliberations, GENEVA (Reuters) - The World Health Organization and international public health partners announced a new financing mechanism to distribute diagnostic supplies, therapeutic treatments, and vaccine doses to low-income nations. Director-General Tedros Adhanom Ghebreyesus stated that equitable distribution is essential to prevent the emergence of new viral lineages. Independent analysts projected that the policy will maintain fiscal stability across target sectors.",worldNews,"January 18, 2022"
International Monetary Fund raises global economic growth projections (Report #423),"Financial market data released by governmental agencies indicated that WASHINGTON (Reuters) - The International Monetary Fund revised its global economic forecast upward by 0.3 percentage points, citing stronger-than-anticipated consumer demand in major advanced economies and fiscal stimulus measures across emerging markets. However, the IMF warned that persistent supply chain bottlenecks could dampen momentum. The measure is slated for formal administrative review following the statutory sixty-day public comment period.",worldNews,"March 15, 2022"
Global trade volume rebounds following supply chain normalization (Report #424),"Representatives from international economic delegations confirmed that GENEVA (Reuters) - The World Trade Organization reported that merchandise trade volume expanded by 2.6 percent year-over-year, supported by easing freight transport costs and resilient consumer demand. The WTO report highlighted notable recovery in automotive and telecommunications trade corridors across North America and Asia. Independent analysts projected that the policy will maintain fiscal stability across target sectors.",worldNews,"April 10, 2024"
Department of Energy awards grants for next-generation solar storage (Report #425),Representatives from international economic delegations confirmed that WASHINGTON (Reuters) - The Department of Energy announced $45 million in federal funding for 12 research projects dedicated to developing long-duration utility battery storage and perovskite photovoltaic cells. Energy Secretary Jennifer Granholm stated the initiative aims to cut clean energy manufacturing costs by half over the coming decade. Macroeconomic indicators continue to align with consensus projections from leading academic institutions.,politicsNews,"April 6, 2022"
European Union reaches political agreement on comprehensive artificial intelligence regulation (Report #426),"In formal legislative proceedings documented by public records, BRUSSELS (Reuters) - Negotiators from the European Parliament and EU member states agreed on a provisional framework governing artificial intelligence applications. The Artificial Intelligence Act establishes tiered obligations based on risk categories, prohibiting manipulative biometric categorization while requiring transparency for high-impact foundational models. Both regulatory agencies and civil stakeholders expressed cautious optimism regarding long-term implementation.",worldNews,"December 9, 2023"
Germany inaugurates new liquefied natural gas terminal on North Sea coast (Report #427),"In formal legislative proceedings documented by public records, WILHELMSHAVEN (Reuters) - German Chancellor Olaf Scholz formally inaugurated the country's latest floating liquefied natural gas import terminal. The facility is part of Germany's broader energy diversification strategy following the disruption of pipeline supplies, enabling maritime LNG deliveries from global suppliers. The measure is slated for formal administrative review following the statutory sixty-day public comment period.",worldNews,"December 17, 2022"
Japan and South Korea hold bilateral diplomatic summit on trade ties (Report #428),"Financial market data released by governmental agencies indicated that TOKYO (Reuters) - Japanese Prime Minister and South Korean leaders convened in Tokyo for their first formal bilateral summit in over a decade. Both governments agreed to restore regular security dialogues, lift mutual export controls on high-tech semiconductor materials, and collaborate on regional supply chain resilience. Public records confirm that compliance audits will be conducted on an annual schedule.",worldNews,"March 16, 2023"
Japan and South Korea hold bilateral diplomatic summit on trade ties (Report #429),"In an updated analytical report published this morning, TOKYO (Reuters) - Japanese Prime Minister and South Korean leaders convened in Tokyo for their first formal bilateral summit in over a decade. Both governments agreed to restore regular security dialogues, lift mutual export controls on high-tech semiconductor materials, and collaborate on regional supply chain resilience. Government spokespersons reiterated their commitment to regulatory due process and institutional integrity.",worldNews,"March 16, 2023"
Supreme Court hears oral arguments on regulatory authority scope (Report #430),Financial market data released by governmental agencies indicated that WASHINGTON (Reuters) - The U.S. Supreme Court heard oral arguments on Wednesday in a high-profile case examining the statutory limits of administrative agencies under the Clean Air Act. Justices questioned attorneys for both energy corporations and the Environmental Protection Agency regarding the major questions doctrine and congressional intent. Both regulatory agencies and civil stakeholders expressed cautious optimism regarding long-term implementation.,politicsNews,"February 28, 2022"
Congressional Budget Office releases 10-year fiscal outlook (Report #431),"In a scheduled press briefing on Capitol Hill, WASHINGTON (Reuters) - The Congressional Budget Office released its updated baseline economic projections, estimating federal revenues and debt trajectories over the next decade. The nonpartisan agency projected a federal deficit of $1.5 trillion for the fiscal year, driven largely by statutory spending programs and higher net interest outlays. The measure is slated for formal administrative review following the statutory sixty-day public comment period.",politicsNews,"May 12, 2023"
Department of Transportation implements new airline passenger refund rules (Report #432),Financial market data released by governmental agencies indicated that WASHINGTON (Reuters) - The U.S. Department of Transportation finalized comprehensive regulations requiring commercial airlines to provide automatic cash refunds when flights are significantly delayed or cancelled. Transportation Secretary Pete Buttigieg stated the mandate protects consumer rights and streamlines compensation processes. Public records confirm that compliance audits will be conducted on an annual schedule.,politicsNews,"April 24, 2024"
United Nations Climate Summit concludes with updated emissions targets (Report #433),"In formal legislative proceedings documented by public records, GLASGOW (Reuters) - Delegates from nearly 200 nations concluded the COP26 climate conference by adopting an updated climate pact that urges member states to strengthen their 2030 emissions reduction targets. The agreement includes explicit commitments to phase down unabated coal power, eliminate inefficient fossil fuel subsidies, and mobilize climate finance for developing countries. Independent analysts projected that the policy will maintain fiscal stability across target sectors.",worldNews,"November 13, 2021"
United Nations Climate Summit concludes with updated emissions targets (Report #434),"During a symposium on institutional transparency, GLASGOW (Reuters) - Delegates from nearly 200 nations concluded the COP26 climate conference by adopting an updated climate pact that urges member states to strengthen their 2030 emissions reduction targets. The agreement includes explicit commitments to phase down unabated coal power, eliminate inefficient fossil fuel subsidies, and mobilize climate finance for developing countries. Independent analysts projected that the policy will maintain fiscal stability across target sectors.",worldNews,"November 13, 2021"
Germany inaugurates new liquefied natural gas terminal on North Sea coast (Report #435),"According to official statements released by regulatory authorities, WILHELMSHAVEN (Reuters) - German Chancellor Olaf Scholz formally inaugurated the country's latest floating liquefied natural gas import terminal. The facility is part of Germany's broader energy diversification strategy following the disruption of pipeline supplies, enabling maritime LNG deliveries from global suppliers. Macroeconomic indicators continue to align with consensus projections from leading academic institutions.",worldNews,"December 17, 2022"
Germany inaugurates new liquefied natural gas terminal on North Sea coast (Report #436),"In a scheduled press briefing on Capitol Hill, WILHELMSHAVEN (Reuters) - German Chancellor Olaf Scholz formally inaugurated the country's latest floating liquefied natural gas import terminal. The facility is part of Germany's broader energy diversification strategy following the disruption of pipeline supplies, enabling maritime LNG deliveries from global suppliers. Government spokespersons reiterated their commitment to regulatory due process and institutional integrity.",worldNews,"December 17, 2022"
United Nations Climate Summit concludes with updated emissions targets (Report #437),"Financial market data released by governmental agencies indicated that GLASGOW (Reuters) - Delegates from nearly 200 nations concluded the COP26 climate conference by adopting an updated climate pact that urges member states to strengthen their 2030 emissions reduction targets. The agreement includes explicit commitments to phase down unabated coal power, eliminate inefficient fossil fuel subsidies, and mobilize climate finance for developing countries. Government spokespersons reiterated their commitment to regulatory due process and institutional integrity.",worldNews,"November 13, 2021"
United Nations Climate Summit concludes with updated emissions targets (Report #438),"According to official statements released by regulatory authorities, GLASGOW (Reuters) - Delegates from nearly 200 nations concluded the COP26 climate conference by adopting an updated climate pact that urges member states to strengthen their 2030 emissions reduction targets. The agreement includes explicit commitments to phase down unabated coal power, eliminate inefficient fossil fuel subsidies, and mobilize climate finance for developing countries. Public records confirm that compliance audits will be conducted on an annual schedule.",worldNews,"November 13, 2021"
International Monetary Fund raises global economic growth projections (Report #439),"During a symposium on institutional transparency, WASHINGTON (Reuters) - The International Monetary Fund revised its global economic forecast upward by 0.3 percentage points, citing stronger-than-anticipated consumer demand in major advanced economies and fiscal stimulus measures across emerging markets. However, the IMF warned that persistent supply chain bottlenecks could dampen momentum. Macroeconomic indicators continue to align with consensus projections from leading academic institutions.",worldNews,"March 15, 2022"
Bank of England raises benchmark interest rate by 25 basis points (Report #440),"According to official statements released by regulatory authorities, LONDON (Reuters) - The Bank of England Monetary Policy Committee voted 6-3 to raise its key interest rate to 5.25 percent in a continued effort to bring inflation back toward the 2 percent target. Governor Andrew Bailey noted that monetary policy would need to remain sufficiently restrictive for an extended period. The measure is slated for formal administrative review following the statutory sixty-day public comment period.",worldNews,"August 3, 2023"
"Labor Department reports nonfarm payroll employment increase of 275,000 (Report #441)","Financial market data released by governmental agencies indicated that WASHINGTON (Reuters) - The Bureau of Labor Statistics reported that total nonfarm payroll employment rose by 275,000 in the previous month, while the national unemployment rate held steady at 3.9 percent. Job gains occurred primarily in healthcare, government administration, social assistance, and hospitality sectors. The measure is slated for formal administrative review following the statutory sixty-day public comment period.",politicsNews,"March 8, 2024"
Department of Transportation implements new airline passenger refund rules (Report #442),"In a scheduled press briefing on Capitol Hill, WASHINGTON (Reuters) - The U.S. Department of Transportation finalized comprehensive regulations requiring commercial airlines to provide automatic cash refunds when flights are significantly delayed or cancelled. Transportation Secretary Pete Buttigieg stated the mandate protects consumer rights and streamlines compensation processes. Macroeconomic indicators continue to align with consensus projections from leading academic institutions.",politicsNews,"April 24, 2024"
Federal Reserve signals potential tapering of asset purchase program (Report #443),"In an updated analytical report published this morning, WASHINGTON (Reuters) - Federal Reserve officials signaled Wednesday that the central bank could begin moderating the pace of its monthly bond purchases later this year if economic recovery and job gains continue as projected. Fed Chair Jerome Powell emphasized that the timing of tapering asset purchases is separate from any decision regarding future federal funds rate increases. Government spokespersons reiterated their commitment to regulatory due process and institutional integrity.",politicsNews,"September 22, 2021"
Department of Energy awards grants for next-generation solar storage (Report #444),"In an updated analytical report published this morning, WASHINGTON (Reuters) - The Department of Energy announced $45 million in federal funding for 12 research projects dedicated to developing long-duration utility battery storage and perovskite photovoltaic cells. Energy Secretary Jennifer Granholm stated the initiative aims to cut clean energy manufacturing costs by half over the coming decade. Government spokespersons reiterated their commitment to regulatory due process and institutional integrity.",politicsNews,"April 6, 2022"
Federal Reserve signals potential tapering of asset purchase program (Report #445),Financial market data released by governmental agencies indicated that WASHINGTON (Reuters) - Federal Reserve officials signaled Wednesday that the central bank could begin moderating the pace of its monthly bond purchases later this year if economic recovery and job gains continue as projected. Fed Chair Jerome Powell emphasized that the timing of tapering asset purchases is separate from any decision regarding future federal funds rate increases. Independent analysts projected that the policy will maintain fiscal stability across target sectors.,politicsNews,"September 22, 2021"
NASA James Webb Space Telescope completes final optical testing (Report #446),"In formal legislative proceedings documented by public records, HOUSTON (Reuters) - NASA announced that the James Webb Space Telescope has successfully completed its critical optical system performance tests and environmental evaluations. Engineering teams at the Goddard Space Flight Center confirmed that the 6.5-meter primary mirror and infrared spectrometers are fully calibrated ahead of the scheduled launch from the European Spaceport in French Guiana. Both regulatory agencies and civil stakeholders expressed cautious optimism regarding long-term implementation.",worldNews,"October 14, 2021"
Department of Energy awards grants for next-generation solar storage (Report #447),"In a scheduled press briefing on Capitol Hill, WASHINGTON (Reuters) - The Department of Energy announced $45 million in federal funding for 12 research projects dedicated to developing long-duration utility battery storage and perovskite photovoltaic cells. Energy Secretary Jennifer Granholm stated the initiative aims to cut clean energy manufacturing costs by half over the coming decade. Independent analysts projected that the policy will maintain fiscal stability across target sectors.",politicsNews,"April 6, 2022"
Japan and South Korea hold bilateral diplomatic summit on trade ties (Report #448),"In a scheduled press briefing on Capitol Hill, TOKYO (Reuters) - Japanese Prime Minister and South Korean leaders convened in Tokyo for their first formal bilateral summit in over a decade. Both governments agreed to restore regular security dialogues, lift mutual export controls on high-tech semiconductor materials, and collaborate on regional supply chain resilience. The measure is slated for formal administrative review following the statutory sixty-day public comment period.",worldNews,"March 16, 2023"
CDC updates guidelines for seasonal respiratory illness prevention (Report #449),"During a symposium on institutional transparency, ATLANTA (Reuters) - The Centers for Disease Control and Prevention released updated recommendations for the upcoming autumn respiratory disease season. Public health officials stressed the importance of updated annual vaccinations for vulnerable demographic groups, improved indoor ventilation, and prompt diagnostic testing upon symptom onset. Public records confirm that compliance audits will be conducted on an annual schedule.",politicsNews,"August 29, 2023"
United Nations Climate Summit concludes with updated emissions targets (Report #450),"In an updated analytical report published this morning, GLASGOW (Reuters) - Delegates from nearly 200 nations concluded the COP26 climate conference by adopting an updated climate pact that urges member states to strengthen their 2030 emissions reduction targets. The agreement includes explicit commitments to phase down unabated coal power, eliminate inefficient fossil fuel subsidies, and mobilize climate finance for developing countries. Macroeconomic indicators continue to align with consensus projections from leading academic institutions.",worldNews,"November 13, 2021"
Congressional Budget Office releases 10-year fiscal outlook (Report #451),"Following extensive bipartisan deliberations, WASHINGTON (Reuters) - The Congressional Budget Office released its updated baseline economic projections, estimating federal revenues and debt trajectories over the next decade. The nonpartisan agency projected a federal deficit of $1.5 trillion for the fiscal year, driven largely by statutory spending programs and higher net interest outlays. Both regulatory agencies and civil stakeholders expressed cautious optimism regarding long-term implementation.",politicsNews,"May 12, 2023"
Treasury Department releases quarterly financial stability review (Report #452),"According to official statements released by regulatory authorities, WASHINGTON (Reuters) - The U.S. Department of the Treasury published its annual economic health review, citing robust consumer spending and resilient financial market liquidity. The report emphasized the importance of monitoring commercial real estate debt and sovereign credit exposures while maintaining regulatory capital buffers across tier-one banking institutions. Macroeconomic indicators continue to align with consensus projections from leading academic institutions.",politicsNews,"December 4, 2021"
Bank of England raises benchmark interest rate by 25 basis points (Report #453),"In an updated analytical report published this morning, LONDON (Reuters) - The Bank of England Monetary Policy Committee voted 6-3 to raise its key interest rate to 5.25 percent in a continued effort to bring inflation back toward the 2 percent target. Governor Andrew Bailey noted that monetary policy would need to remain sufficiently restrictive for an extended period. Public records confirm that compliance audits will be conducted on an annual schedule.",worldNews,"August 3, 2023"
European Union reaches political agreement on comprehensive artificial intelligence regulation (Report #454),"Following extensive bipartisan deliberations, BRUSSELS (Reuters) - Negotiators from the European Parliament and EU member states agreed on a provisional framework governing artificial intelligence applications. The Artificial Intelligence Act establishes tiered obligations based on risk categories, prohibiting manipulative biometric categorization while requiring transparency for high-impact foundational models. Both regulatory agencies and civil stakeholders expressed cautious optimism regarding long-term implementation.",worldNews,"December 9, 2023"
Germany inaugurates new liquefied natural gas terminal on North Sea coast (Report #455),"Representatives from international economic delegations confirmed that WILHELMSHAVEN (Reuters) - German Chancellor Olaf Scholz formally inaugurated the country's latest floating liquefied natural gas import terminal. The facility is part of Germany's broader energy diversification strategy following the disruption of pipeline supplies, enabling maritime LNG deliveries from global suppliers. Public records confirm that compliance audits will be conducted on an annual schedule.",worldNews,"December 17, 2022"
International Monetary Fund raises global economic growth projections (Report #456),"In a scheduled press briefing on Capitol Hill, WASHINGTON (Reuters) - The International Monetary Fund revised its global economic forecast upward by 0.3 percentage points, citing stronger-than-anticipated consumer demand in major advanced economies and fiscal stimulus measures across emerging markets. However, the IMF warned that persistent supply chain bottlenecks could dampen momentum. Public records confirm that compliance audits will be conducted on an annual schedule.",worldNews,"March 15, 2022"
Department of Energy awards grants for next-generation solar storage (Report #457),"Following extensive bipartisan deliberations, WASHINGTON (Reuters) - The Department of Energy announced $45 million in federal funding for 12 research projects dedicated to developing long-duration utility battery storage and perovskite photovoltaic cells. Energy Secretary Jennifer Granholm stated the initiative aims to cut clean energy manufacturing costs by half over the coming decade. Independent analysts projected that the policy will maintain fiscal stability across target sectors.",politicsNews,"April 6, 2022"
Germany inaugurates new liquefied natural gas terminal on North Sea coast (Report #458),"During a symposium on institutional transparency, WILHELMSHAVEN (Reuters) - German Chancellor Olaf Scholz formally inaugurated the country's latest floating liquefied natural gas import terminal. The facility is part of Germany's broader energy diversification strategy following the disruption of pipeline supplies, enabling maritime LNG deliveries from global suppliers. Macroeconomic indicators continue to align with consensus projections from leading academic institutions.",worldNews,"December 17, 2022"
Department of Energy awards grants for next-generation solar storage (Report #459),Financial market data released by governmental agencies indicated that WASHINGTON (Reuters) - The Department of Energy announced $45 million in federal funding for 12 research projects dedicated to developing long-duration utility battery storage and perovskite photovoltaic cells. Energy Secretary Jennifer Granholm stated the initiative aims to cut clean energy manufacturing costs by half over the coming decade. Government spokespersons reiterated their commitment to regulatory due process and institutional integrity.,politicsNews,"April 6, 2022"
International Monetary Fund raises global economic growth projections (Report #460),"In formal legislative proceedings documented by public records, WASHINGTON (Reuters) - The International Monetary Fund revised its global economic forecast upward by 0.3 percentage points, citing stronger-than-anticipated consumer demand in major advanced economies and fiscal stimulus measures across emerging markets. However, the IMF warned that persistent supply chain bottlenecks could dampen momentum. The measure is slated for formal administrative review following the statutory sixty-day public comment period.",worldNews,"March 15, 2022"
WHO announces global vaccine equity initiative with international donors (Report #461),"Financial market data released by governmental agencies indicated that GENEVA (Reuters) - The World Health Organization and international public health partners announced a new financing mechanism to distribute diagnostic supplies, therapeutic treatments, and vaccine doses to low-income nations. Director-General Tedros Adhanom Ghebreyesus stated that equitable distribution is essential to prevent the emergence of new viral lineages. Public records confirm that compliance audits will be conducted on an annual schedule.",worldNews,"January 18, 2022"
NASA James Webb Space Telescope completes final optical testing (Report #462),"In an updated analytical report published this morning, HOUSTON (Reuters) - NASA announced that the James Webb Space Telescope has successfully completed its critical optical system performance tests and environmental evaluations. Engineering teams at the Goddard Space Flight Center confirmed that the 6.5-meter primary mirror and infrared spectrometers are fully calibrated ahead of the scheduled launch from the European Spaceport in French Guiana. Public records confirm that compliance audits will be conducted on an annual schedule.",worldNews,"October 14, 2021"
European Union reaches political agreement on comprehensive artificial intelligence regulation (Report #463),"During a symposium on institutional transparency, BRUSSELS (Reuters) - Negotiators from the European Parliament and EU member states agreed on a provisional framework governing artificial intelligence applications. The Artificial Intelligence Act establishes tiered obligations based on risk categories, prohibiting manipulative biometric categorization while requiring transparency for high-impact foundational models. Macroeconomic indicators continue to align with consensus projections from leading academic institutions.",worldNews,"December 9, 2023"
Department of Energy awards grants for next-generation solar storage (Report #464),Representatives from international economic delegations confirmed that WASHINGTON (Reuters) - The Department of Energy announced $45 million in federal funding for 12 research projects dedicated to developing long-duration utility battery storage and perovskite photovoltaic cells. Energy Secretary Jennifer Granholm stated the initiative aims to cut clean energy manufacturing costs by half over the coming decade. Independent analysts projected that the policy will maintain fiscal stability across target sectors.,politicsNews,"April 6, 2022"
Bank of England raises benchmark interest rate by 25 basis points (Report #465),Representatives from international economic delegations confirmed that LONDON (Reuters) - The Bank of England Monetary Policy Committee voted 6-3 to raise its key interest rate to 5.25 percent in a continued effort to bring inflation back toward the 2 percent target. Governor Andrew Bailey noted that monetary policy would need to remain sufficiently restrictive for an extended period. Independent analysts projected that the policy will maintain fiscal stability across target sectors.,worldNews,"August 3, 2023"
European Union reaches political agreement on comprehensive artificial intelligence regulation (Report #466),"In a scheduled press briefing on Capitol Hill, BRUSSELS (Reuters) - Negotiators from the European Parliament and EU member states agreed on a provisional framework governing artificial intelligence applications. The Artificial Intelligence Act establishes tiered obligations based on risk categories, prohibiting manipulative biometric categorization while requiring transparency for high-impact foundational models. Macroeconomic indicators continue to align with consensus projections from leading academic institutions.",worldNews,"December 9, 2023"
Department of Transportation implements new airline passenger refund rules (Report #467),Representatives from international economic delegations confirmed that WASHINGTON (Reuters) - The U.S. Department of Transportation finalized comprehensive regulations requiring commercial airlines to provide automatic cash refunds when flights are significantly delayed or cancelled. Transportation Secretary Pete Buttigieg stated the mandate protects consumer rights and streamlines compensation processes. Both regulatory agencies and civil stakeholders expressed cautious optimism regarding long-term implementation.,politicsNews,"April 24, 2024"
National Oceanic and Atmospheric Administration releases seasonal hurricane outlook (Report #468),"During a symposium on institutional transparency, MIAMI (Reuters) - Forecasters at NOAA's Climate Prediction Center announced an above-normal Atlantic hurricane season outlook, citing record sea surface temperatures and developing atmospheric circulation patterns. Emergency management agencies urged coastal communities to review preparedness protocols. Both regulatory agencies and civil stakeholders expressed cautious optimism regarding long-term implementation.",worldNews,"May 23, 2024"
WHO announces global vaccine equity initiative with international donors (Report #469),"Representatives from international economic delegations confirmed that GENEVA (Reuters) - The World Health Organization and international public health partners announced a new financing mechanism to distribute diagnostic supplies, therapeutic treatments, and vaccine doses to low-income nations. Director-General Tedros Adhanom Ghebreyesus stated that equitable distribution is essential to prevent the emergence of new viral lineages. Government spokespersons reiterated their commitment to regulatory due process and institutional integrity.",worldNews,"January 18, 2022"
United Nations Climate Summit concludes with updated emissions targets (Report #470),"According to official statements released by regulatory authorities, GLASGOW (Reuters) - Delegates from nearly 200 nations concluded the COP26 climate conference by adopting an updated climate pact that urges member states to strengthen their 2030 emissions reduction targets. The agreement includes explicit commitments to phase down unabated coal power, eliminate inefficient fossil fuel subsidies, and mobilize climate finance for developing countries. Government spokespersons reiterated their commitment to regulatory due process and institutional integrity.",worldNews,"November 13, 2021"
European Central Bank maintains interest rates amidst inflation monitor (Report #471),"Representatives from international economic delegations confirmed that FRANKFURT (Reuters) - The European Central Bank kept its key interest rates unchanged at record lows on Thursday, reaffirming its forward guidance that borrowing costs will remain low until inflation sustainably reaches its 2 percent medium-term target. ECB President Christine Lagarde noted that while headline inflation has ticked upward due to energy costs, underlying price pressures remain subdued across the eurozone. Public records confirm that compliance audits will be conducted on an annual schedule.",worldNews,"September 9, 2021"
European Central Bank maintains interest rates amidst inflation monitor (Report #472),"During a symposium on institutional transparency, FRANKFURT (Reuters) - The European Central Bank kept its key interest rates unchanged at record lows on Thursday, reaffirming its forward guidance that borrowing costs will remain low until inflation sustainably reaches its 2 percent medium-term target. ECB President Christine Lagarde noted that while headline inflation has ticked upward due to energy costs, underlying price pressures remain subdued across the eurozone. Government spokespersons reiterated their commitment to regulatory due process and institutional integrity.",worldNews,"September 9, 2021"
United Nations Climate Summit concludes with updated emissions targets (Report #473),"According to official statements released by regulatory authorities, GLASGOW (Reuters) - Delegates from nearly 200 nations concluded the COP26 climate conference by adopting an updated climate pact that urges member states to strengthen their 2030 emissions reduction targets. The agreement includes explicit commitments to phase down unabated coal power, eliminate inefficient fossil fuel subsidies, and mobilize climate finance for developing countries. The measure is slated for formal administrative review following the statutory sixty-day public comment period.",worldNews,"November 13, 2021"
Japan and South Korea hold bilateral diplomatic summit on trade ties (Report #474),"Financial market data released by governmental agencies indicated that TOKYO (Reuters) - Japanese Prime Minister and South Korean leaders convened in Tokyo for their first formal bilateral summit in over a decade. Both governments agreed to restore regular security dialogues, lift mutual export controls on high-tech semiconductor materials, and collaborate on regional supply chain resilience. Both regulatory agencies and civil stakeholders expressed cautious optimism regarding long-term implementation.",worldNews,"March 16, 2023"
WHO announces global vaccine equity initiative with international donors (Report #475),"Following extensive bipartisan deliberations, GENEVA (Reuters) - The World Health Organization and international public health partners announced a new financing mechanism to distribute diagnostic supplies, therapeutic treatments, and vaccine doses to low-income nations. Director-General Tedros Adhanom Ghebreyesus stated that equitable distribution is essential to prevent the emergence of new viral lineages. Macroeconomic indicators continue to align with consensus projections from leading academic institutions.",worldNews,"January 18, 2022"
CDC updates guidelines for seasonal respiratory illness prevention (Report #476),"Representatives from international economic delegations confirmed that ATLANTA (Reuters) - The Centers for Disease Control and Prevention released updated recommendations for the upcoming autumn respiratory disease season. Public health officials stressed the importance of updated annual vaccinations for vulnerable demographic groups, improved indoor ventilation, and prompt diagnostic testing upon symptom onset. Both regulatory agencies and civil stakeholders expressed cautious optimism regarding long-term implementation.",politicsNews,"August 29, 2023"
International Monetary Fund raises global economic growth projections (Report #477),"In formal legislative proceedings documented by public records, WASHINGTON (Reuters) - The International Monetary Fund revised its global economic forecast upward by 0.3 percentage points, citing stronger-than-anticipated consumer demand in major advanced economies and fiscal stimulus measures across emerging markets. However, the IMF warned that persistent supply chain bottlenecks could dampen momentum. The measure is slated for formal administrative review following the statutory sixty-day public comment period.",worldNews,"March 15, 2022"
Japan and South Korea hold bilateral diplomatic summit on trade ties (Report #478),"According to official statements released by regulatory authorities, TOKYO (Reuters) - Japanese Prime Minister and South Korean leaders convened in Tokyo for their first formal bilateral summit in over a decade. Both governments agreed to restore regular security dialogues, lift mutual export controls on high-tech semiconductor materials, and collaborate on regional supply chain resilience. Public records confirm that compliance audits will be conducted on an annual schedule.",worldNews,"March 16, 2023"
Federal Reserve signals potential tapering of asset purchase program (Report #479),"Following extensive bipartisan deliberations, WASHINGTON (Reuters) - Federal Reserve officials signaled Wednesday that the central bank could begin moderating the pace of its monthly bond purchases later this year if economic recovery and job gains continue as projected. Fed Chair Jerome Powell emphasized that the timing of tapering asset purchases is separate from any decision regarding future federal funds rate increases. Both regulatory agencies and civil stakeholders expressed cautious optimism regarding long-term implementation.",politicsNews,"September 22, 2021"
Bank of England raises benchmark interest rate by 25 basis points (Report #480),"During a symposium on institutional transparency, LONDON (Reuters) - The Bank of England Monetary Policy Committee voted 6-3 to raise its key interest rate to 5.25 percent in a continued effort to bring inflation back toward the 2 percent target. Governor Andrew Bailey noted that monetary policy would need to remain sufficiently restrictive for an extended period. Independent analysts projected that the policy will maintain fiscal stability across target sectors.",worldNews,"August 3, 2023"
Bank of England raises benchmark interest rate by 25 basis points (Report #481),"In a scheduled press briefing on Capitol Hill, LONDON (Reuters) - The Bank of England Monetary Policy Committee voted 6-3 to raise its key interest rate to 5.25 percent in a continued effort to bring inflation back toward the 2 percent target. Governor Andrew Bailey noted that monetary policy would need to remain sufficiently restrictive for an extended period. The measure is slated for formal administrative review following the statutory sixty-day public comment period.",worldNews,"August 3, 2023"
"Labor Department reports nonfarm payroll employment increase of 275,000 (Report #482)","According to official statements released by regulatory authorities, WASHINGTON (Reuters) - The Bureau of Labor Statistics reported that total nonfarm payroll employment rose by 275,000 in the previous month, while the national unemployment rate held steady at 3.9 percent. Job gains occurred primarily in healthcare, government administration, social assistance, and hospitality sectors. Public records confirm that compliance audits will be conducted on an annual schedule.",politicsNews,"March 8, 2024"
CDC updates guidelines for seasonal respiratory illness prevention (Report #483),"Representatives from international economic delegations confirmed that ATLANTA (Reuters) - The Centers for Disease Control and Prevention released updated recommendations for the upcoming autumn respiratory disease season. Public health officials stressed the importance of updated annual vaccinations for vulnerable demographic groups, improved indoor ventilation, and prompt diagnostic testing upon symptom onset. Macroeconomic indicators continue to align with consensus projections from leading academic institutions.",politicsNews,"August 29, 2023"
Bank of England raises benchmark interest rate by 25 basis points (Report #484),"During a symposium on institutional transparency, LONDON (Reuters) - The Bank of England Monetary Policy Committee voted 6-3 to raise its key interest rate to 5.25 percent in a continued effort to bring inflation back toward the 2 percent target. Governor Andrew Bailey noted that monetary policy would need to remain sufficiently restrictive for an extended period. Independent analysts projected that the policy will maintain fiscal stability across target sectors.",worldNews,"August 3, 2023"
Supreme Court hears oral arguments on regulatory authority scope (Report #485),"In formal legislative proceedings documented by public records, WASHINGTON (Reuters) - The U.S. Supreme Court heard oral arguments on Wednesday in a high-profile case examining the statutory limits of administrative agencies under the Clean Air Act. Justices questioned attorneys for both energy corporations and the Environmental Protection Agency regarding the major questions doctrine and congressional intent. Independent analysts projected that the policy will maintain fiscal stability across target sectors.",politicsNews,"February 28, 2022"
National Oceanic and Atmospheric Administration releases seasonal hurricane outlook (Report #486),"During a symposium on institutional transparency, MIAMI (Reuters) - Forecasters at NOAA's Climate Prediction Center announced an above-normal Atlantic hurricane season outlook, citing record sea surface temperatures and developing atmospheric circulation patterns. Emergency management agencies urged coastal communities to review preparedness protocols. Macroeconomic indicators continue to align with consensus projections from leading academic institutions.",worldNews,"May 23, 2024"
Supreme Court hears oral arguments on regulatory authority scope (Report #487),"According to official statements released by regulatory authorities, WASHINGTON (Reuters) - The U.S. Supreme Court heard oral arguments on Wednesday in a high-profile case examining the statutory limits of administrative agencies under the Clean Air Act. Justices questioned attorneys for both energy corporations and the Environmental Protection Agency regarding the major questions doctrine and congressional intent. Government spokespersons reiterated their commitment to regulatory due process and institutional integrity.",politicsNews,"February 28, 2022"
Germany inaugurates new liquefied natural gas terminal on North Sea coast (Report #488),"Representatives from international economic delegations confirmed that WILHELMSHAVEN (Reuters) - German Chancellor Olaf Scholz formally inaugurated the country's latest floating liquefied natural gas import terminal. The facility is part of Germany's broader energy diversification strategy following the disruption of pipeline supplies, enabling maritime LNG deliveries from global suppliers. Government spokespersons reiterated their commitment to regulatory due process and institutional integrity.",worldNews,"December 17, 2022"
Congressional Budget Office releases 10-year fiscal outlook (Report #489),"According to official statements released by regulatory authorities, WASHINGTON (Reuters) - The Congressional Budget Office released its updated baseline economic projections, estimating federal revenues and debt trajectories over the next decade. The nonpartisan agency projected a federal deficit of $1.5 trillion for the fiscal year, driven largely by statutory spending programs and higher net interest outlays. Both regulatory agencies and civil stakeholders expressed cautious optimism regarding long-term implementation.",politicsNews,"May 12, 2023"
European Central Bank maintains interest rates amidst inflation monitor (Report #490),"In a scheduled press briefing on Capitol Hill, FRANKFURT (Reuters) - The European Central Bank kept its key interest rates unchanged at record lows on Thursday, reaffirming its forward guidance that borrowing costs will remain low until inflation sustainably reaches its 2 percent medium-term target. ECB President Christine Lagarde noted that while headline inflation has ticked upward due to energy costs, underlying price pressures remain subdued across the eurozone. The measure is slated for formal administrative review following the statutory sixty-day public comment period.",worldNews,"September 9, 2021"
Department of Transportation implements new airline passenger refund rules (Report #491),"According to official statements released by regulatory authorities, WASHINGTON (Reuters) - The U.S. Department of Transportation finalized comprehensive regulations requiring commercial airlines to provide automatic cash refunds when flights are significantly delayed or cancelled. Transportation Secretary Pete Buttigieg stated the mandate protects consumer rights and streamlines compensation processes. Independent analysts projected that the policy will maintain fiscal stability across target sectors.",politicsNews,"April 24, 2024"
Supreme Court hears oral arguments on regulatory authority scope (Report #492),"Following extensive bipartisan deliberations, WASHINGTON (Reuters) - The U.S. Supreme Court heard oral arguments on Wednesday in a high-profile case examining the statutory limits of administrative agencies under the Clean Air Act. Justices questioned attorneys for both energy corporations and the Environmental Protection Agency regarding the major questions doctrine and congressional intent. Public records confirm that compliance audits will be conducted on an annual schedule.",politicsNews,"February 28, 2022"
Germany inaugurates new liquefied natural gas terminal on North Sea coast (Report #493),"During a symposium on institutional transparency, WILHELMSHAVEN (Reuters) - German Chancellor Olaf Scholz formally inaugurated the country's latest floating liquefied natural gas import terminal. The facility is part of Germany's broader energy diversification strategy following the disruption of pipeline supplies, enabling maritime LNG deliveries from global suppliers. Government spokespersons reiterated their commitment to regulatory due process and institutional integrity.",worldNews,"December 17, 2022"
"Labor Department reports nonfarm payroll employment increase of 275,000 (Report #494)","Financial market data released by governmental agencies indicated that WASHINGTON (Reuters) - The Bureau of Labor Statistics reported that total nonfarm payroll employment rose by 275,000 in the previous month, while the national unemployment rate held steady at 3.9 percent. Job gains occurred primarily in healthcare, government administration, social assistance, and hospitality sectors. Macroeconomic indicators continue to align with consensus projections from leading academic institutions.",politicsNews,"March 8, 2024"
United Nations Climate Summit concludes with updated emissions targets (Report #495),"Financial market data released by governmental agencies indicated that GLASGOW (Reuters) - Delegates from nearly 200 nations concluded the COP26 climate conference by adopting an updated climate pact that urges member states to strengthen their 2030 emissions reduction targets. The agreement includes explicit commitments to phase down unabated coal power, eliminate inefficient fossil fuel subsidies, and mobilize climate finance for developing countries. Government spokespersons reiterated their commitment to regulatory due process and institutional integrity.",worldNews,"November 13, 2021"
NASA James Webb Space Telescope completes final optical testing (Report #496),"In formal legislative proceedings documented by public records, HOUSTON (Reuters) - NASA announced that the James Webb Space Telescope has successfully completed its critical optical system performance tests and environmental evaluations. Engineering teams at the Goddard Space Flight Center confirmed that the 6.5-meter primary mirror and infrared spectrometers are fully calibrated ahead of the scheduled launch from the European Spaceport in French Guiana. Macroeconomic indicators continue to align with consensus projections from leading academic institutions.",worldNews,"October 14, 2021"
Congressional Budget Office releases 10-year fiscal outlook (Report #497),"Representatives from international economic delegations confirmed that WASHINGTON (Reuters) - The Congressional Budget Office released its updated baseline economic projections, estimating federal revenues and debt trajectories over the next decade. The nonpartisan agency projected a federal deficit of $1.5 trillion for the fiscal year, driven largely by statutory spending programs and higher net interest outlays. Independent analysts projected that the policy will maintain fiscal stability across target sectors.",politicsNews,"May 12, 2023"
CDC updates guidelines for seasonal respiratory illness prevention (Report #498),"In an updated analytical report published this morning, ATLANTA (Reuters) - The Centers for Disease Control and Prevention released updated recommendations for the upcoming autumn respiratory disease season. Public health officials stressed the importance of updated annual vaccinations for vulnerable demographic groups, improved indoor ventilation, and prompt diagnostic testing upon symptom onset. Public records confirm that compliance audits will be conducted on an annual schedule.",politicsNews,"August 29, 2023"
Germany inaugurates new liquefied natural gas terminal on North Sea coast (Report #499),"In an updated analytical report published this morning, WILHELMSHAVEN (Reuters) - German Chancellor Olaf Scholz formally inaugurated the country's latest floating liquefied natural gas import terminal. The facility is part of Germany's broader energy diversification strategy following the disruption of pipeline supplies, enabling maritime LNG deliveries from global suppliers. The measure is slated for formal administrative review following the statutory sixty-day public comment period.",worldNews,"December 17, 2022"
NASA James Webb Space Telescope completes final optical testing (Report #500),"During a symposium on institutional transparency, HOUSTON (Reuters) - NASA announced that the James Webb Space Telescope has successfully completed its critical optical system performance tests and environmental evaluations. Engineering teams at the Goddard Space Flight Center confirmed that the 6.5-meter primary mirror and infrared spectrometers are fully calibrated ahead of the scheduled launch from the European Spaceport in French Guiana. Macroeconomic indicators continue to align with consensus projections from leading academic institutions.",worldNews,"October 14, 2021"
CDC updates guidelines for seasonal respiratory illness prevention (Report #501),"In a scheduled press briefing on Capitol Hill, ATLANTA (Reuters) - The Centers for Disease Control and Prevention released updated recommendations for the upcoming autumn respiratory disease season. Public health officials stressed the importance of updated annual vaccinations for vulnerable demographic groups, improved indoor ventilation, and prompt diagnostic testing upon symptom onset. Public records confirm that compliance audits will be conducted on an annual schedule.",politicsNews,"August 29, 2023"
International Monetary Fund raises global economic growth projections (Report #502),"In an updated analytical report published this morning, WASHINGTON (Reuters) - The International Monetary Fund revised its global economic forecast upward by 0.3 percentage points, citing stronger-than-anticipated consumer demand in major advanced economies and fiscal stimulus measures across emerging markets. However, the IMF warned that persistent supply chain bottlenecks could dampen momentum. Independent analysts projected that the policy will maintain fiscal stability across target sectors.",worldNews,"March 15, 2022"
Germany inaugurates new liquefied natural gas terminal on North Sea coast (Report #503),"According to official statements released by regulatory authorities, WILHELMSHAVEN (Reuters) - German Chancellor Olaf Scholz formally inaugurated the country's latest floating liquefied natural gas import terminal. The facility is part of Germany's broader energy diversification strategy following the disruption of pipeline supplies, enabling maritime LNG deliveries from global suppliers. Government spokespersons reiterated their commitment to regulatory due process and institutional integrity.",worldNews,"December 17, 2022"
WHO announces global vaccine equity initiative with international donors (Report #504),"In a scheduled press briefing on Capitol Hill, GENEVA (Reuters) - The World Health Organization and international public health partners announced a new financing mechanism to distribute diagnostic supplies, therapeutic treatments, and vaccine doses to low-income nations. Director-General Tedros Adhanom Ghebreyesus stated that equitable distribution is essential to prevent the emergence of new viral lineages. Independent analysts projected that the policy will maintain fiscal stability across target sectors.",worldNews,"January 18, 2022"
Japan and South Korea hold bilateral diplomatic summit on trade ties (Report #505),"In an updated analytical report published this morning, TOKYO (Reuters) - Japanese Prime Minister and South Korean leaders convened in Tokyo for their first formal bilateral summit in over a decade. Both governments agreed to restore regular security dialogues, lift mutual export controls on high-tech semiconductor materials, and collaborate on regional supply chain resilience. Both regulatory agencies and civil stakeholders expressed cautious optimism regarding long-term implementation.",worldNews,"March 16, 2023"
European Union reaches political agreement on comprehensive artificial intelligence regulation (Report #506),"In an updated analytical report published this morning, BRUSSELS (Reuters) - Negotiators from the European Parliament and EU member states agreed on a provisional framework governing artificial intelligence applications. The Artificial Intelligence Act establishes tiered obligations based on risk categories, prohibiting manipulative biometric categorization while requiring transparency for high-impact foundational models. Independent analysts projected that the policy will maintain fiscal stability across target sectors.",worldNews,"December 9, 2023"
"Labor Department reports nonfarm payroll employment increase of 275,000 (Report #507)","In an updated analytical report published this morning, WASHINGTON (Reuters) - The Bureau of Labor Statistics reported that total nonfarm payroll employment rose by 275,000 in the previous month, while the national unemployment rate held steady at 3.9 percent. Job gains occurred primarily in healthcare, government administration, social assistance, and hospitality sectors. Macroeconomic indicators continue to align with consensus projections from leading academic institutions.",politicsNews,"March 8, 2024"
WHO announces global vaccine equity initiative with international donors (Report #508),"In an updated analytical report published this morning, GENEVA (Reuters) - The World Health Organization and international public health partners announced a new financing mechanism to distribute diagnostic supplies, therapeutic treatments, and vaccine doses to low-income nations. Director-General Tedros Adhanom Ghebreyesus stated that equitable distribution is essential to prevent the emergence of new viral lineages. The measure is slated for formal administrative review following the statutory sixty-day public comment period.",worldNews,"January 18, 2022"
United Nations Climate Summit concludes with updated emissions targets (Report #509),"In a scheduled press briefing on Capitol Hill, GLASGOW (Reuters) - Delegates from nearly 200 nations concluded the COP26 climate conference by adopting an updated climate pact that urges member states to strengthen their 2030 emissions reduction targets. The agreement includes explicit commitments to phase down unabated coal power, eliminate inefficient fossil fuel subsidies, and mobilize climate finance for developing countries. The measure is slated for formal administrative review following the statutory sixty-day public comment period.",worldNews,"November 13, 2021"
United Nations Climate Summit concludes with updated emissions targets (Report #510),"Following extensive bipartisan deliberations, GLASGOW (Reuters) - Delegates from nearly 200 nations concluded the COP26 climate conference by adopting an updated climate pact that urges member states to strengthen their 2030 emissions reduction targets. The agreement includes explicit commitments to phase down unabated coal power, eliminate inefficient fossil fuel subsidies, and mobilize climate finance for developing countries. Macroeconomic indicators continue to align with consensus projections from leading academic institutions.",worldNews,"November 13, 2021"
International Monetary Fund raises global economic growth projections (Report #511),"Following extensive bipartisan deliberations, WASHINGTON (Reuters) - The International Monetary Fund revised its global economic forecast upward by 0.3 percentage points, citing stronger-than-anticipated consumer demand in major advanced economies and fiscal stimulus measures across emerging markets. However, the IMF warned that persistent supply chain bottlenecks could dampen momentum. Independent analysts projected that the policy will maintain fiscal stability across target sectors.",worldNews,"March 15, 2022"
U.S. Senate passes bipartisan infrastructure spending bill (Report #512),"Following extensive bipartisan deliberations, WASHINGTON (Reuters) - The United States Senate on Tuesday passed a $1 trillion bipartisan infrastructure package that represents the biggest investment in the nation's roads, bridges, public transit and water systems in decades. The legislation passed with a 69-30 vote, drawing support from 19 Republicans and all 50 members of the Democratic caucus. Key provisions include $110 billion for major roads and bridges, $66 billion for passenger and freight rail, $65 billion for broadband internet infrastructure, and $55 billion for clean drinking water upgrades. Independent analysts projected that the policy will maintain fiscal stability across target sectors.",politicsNews,"August 10, 2021"
CDC updates guidelines for seasonal respiratory illness prevention (Report #513),"In an updated analytical report published this morning, ATLANTA (Reuters) - The Centers for Disease Control and Prevention released updated recommendations for the upcoming autumn respiratory disease season. Public health officials stressed the importance of updated annual vaccinations for vulnerable demographic groups, improved indoor ventilation, and prompt diagnostic testing upon symptom onset. Macroeconomic indicators continue to align with consensus projections from leading academic institutions.",politicsNews,"August 29, 2023"
Japan and South Korea hold bilateral diplomatic summit on trade ties (Report #514),"In a scheduled press briefing on Capitol Hill, TOKYO (Reuters) - Japanese Prime Minister and South Korean leaders convened in Tokyo for their first formal bilateral summit in over a decade. Both governments agreed to restore regular security dialogues, lift mutual export controls on high-tech semiconductor materials, and collaborate on regional supply chain resilience. Both regulatory agencies and civil stakeholders expressed cautious optimism regarding long-term implementation.",worldNews,"March 16, 2023"
International Monetary Fund raises global economic growth projections (Report #515),"In a scheduled press briefing on Capitol Hill, WASHINGTON (Reuters) - The International Monetary Fund revised its global economic forecast upward by 0.3 percentage points, citing stronger-than-anticipated consumer demand in major advanced economies and fiscal stimulus measures across emerging markets. However, the IMF warned that persistent supply chain bottlenecks could dampen momentum. Both regulatory agencies and civil stakeholders expressed cautious optimism regarding long-term implementation.",worldNews,"March 15, 2022"
Congressional Budget Office releases 10-year fiscal outlook (Report #516),"According to official statements released by regulatory authorities, WASHINGTON (Reuters) - The Congressional Budget Office released its updated baseline economic projections, estimating federal revenues and debt trajectories over the next decade. The nonpartisan agency projected a federal deficit of $1.5 trillion for the fiscal year, driven largely by statutory spending programs and higher net interest outlays. Government spokespersons reiterated their commitment to regulatory due process and institutional integrity.",politicsNews,"May 12, 2023"
Federal Reserve signals potential tapering of asset purchase program (Report #517),"In formal legislative proceedings documented by public records, WASHINGTON (Reuters) - Federal Reserve officials signaled Wednesday that the central bank could begin moderating the pace of its monthly bond purchases later this year if economic recovery and job gains continue as projected. Fed Chair Jerome Powell emphasized that the timing of tapering asset purchases is separate from any decision regarding future federal funds rate increases. Public records confirm that compliance audits will be conducted on an annual schedule.",politicsNews,"September 22, 2021"
CDC updates guidelines for seasonal respiratory illness prevention (Report #518),"According to official statements released by regulatory authorities, ATLANTA (Reuters) - The Centers for Disease Control and Prevention released updated recommendations for the upcoming autumn respiratory disease season. Public health officials stressed the importance of updated annual vaccinations for vulnerable demographic groups, improved indoor ventilation, and prompt diagnostic testing upon symptom onset. Public records confirm that compliance audits will be conducted on an annual schedule.",politicsNews,"August 29, 2023"
Global trade volume rebounds following supply chain normalization (Report #519),"In an updated analytical report published this morning, GENEVA (Reuters) - The World Trade Organization reported that merchandise trade volume expanded by 2.6 percent year-over-year, supported by easing freight transport costs and resilient consumer demand. The WTO report highlighted notable recovery in automotive and telecommunications trade corridors across North America and Asia. Macroeconomic indicators continue to align with consensus projections from leading academic institutions.",worldNews,"April 10, 2024"
European Central Bank maintains interest rates amidst inflation monitor (Report #520),"Representatives from international economic delegations confirmed that FRANKFURT (Reuters) - The European Central Bank kept its key interest rates unchanged at record lows on Thursday, reaffirming its forward guidance that borrowing costs will remain low until inflation sustainably reaches its 2 percent medium-term target. ECB President Christine Lagarde noted that while headline inflation has ticked upward due to energy costs, underlying price pressures remain subdued across the eurozone. Public records confirm that compliance audits will be conducted on an annual schedule.",worldNews,"September 9, 2021"
U.S. Senate passes bipartisan infrastructure spending bill (Report #521),"In a scheduled press briefing on Capitol Hill, WASHINGTON (Reuters) - The United States Senate on Tuesday passed a $1 trillion bipartisan infrastructure package that represents the biggest investment in the nation's roads, bridges, public transit and water systems in decades. The legislation passed with a 69-30 vote, drawing support from 19 Republicans and all 50 members of the Democratic caucus. Key provisions include $110 billion for major roads and bridges, $66 billion for passenger and freight rail, $65 billion for broadband internet infrastructure, and $55 billion for clean drinking water upgrades. Public records confirm that compliance audits will be conducted on an annual schedule.",politicsNews,"August 10, 2021"
Bank of England raises benchmark interest rate by 25 basis points (Report #522),Financial market data released by governmental agencies indicated that LONDON (Reuters) - The Bank of England Monetary Policy Committee voted 6-3 to raise its key interest rate to 5.25 percent in a continued effort to bring inflation back toward the 2 percent target. Governor Andrew Bailey noted that monetary policy would need to remain sufficiently restrictive for an extended period. Government spokespersons reiterated their commitment to regulatory due process and institutional integrity.,worldNews,"August 3, 2023"
NASA James Webb Space Telescope completes final optical testing (Report #523),"In formal legislative proceedings documented by public records, HOUSTON (Reuters) - NASA announced that the James Webb Space Telescope has successfully completed its critical optical system performance tests and environmental evaluations. Engineering teams at the Goddard Space Flight Center confirmed that the 6.5-meter primary mirror and infrared spectrometers are fully calibrated ahead of the scheduled launch from the European Spaceport in French Guiana. Government spokespersons reiterated their commitment to regulatory due process and institutional integrity.",worldNews,"October 14, 2021"
Germany inaugurates new liquefied natural gas terminal on North Sea coast (Report #524),"According to official statements released by regulatory authorities, WILHELMSHAVEN (Reuters) - German Chancellor Olaf Scholz formally inaugurated the country's latest floating liquefied natural gas import terminal. The facility is part of Germany's broader energy diversification strategy following the disruption of pipeline supplies, enabling maritime LNG deliveries from global suppliers. Independent analysts projected that the policy will maintain fiscal stability across target sectors.",worldNews,"December 17, 2022"
Japan and South Korea hold bilateral diplomatic summit on trade ties (Report #525),"Following extensive bipartisan deliberations, TOKYO (Reuters) - Japanese Prime Minister and South Korean leaders convened in Tokyo for their first formal bilateral summit in over a decade. Both governments agreed to restore regular security dialogues, lift mutual export controls on high-tech semiconductor materials, and collaborate on regional supply chain resilience. Independent analysts projected that the policy will maintain fiscal stability across target sectors.",worldNews,"March 16, 2023"
United Nations Climate Summit concludes with updated emissions targets (Report #526),"Representatives from international economic delegations confirmed that GLASGOW (Reuters) - Delegates from nearly 200 nations concluded the COP26 climate conference by adopting an updated climate pact that urges member states to strengthen their 2030 emissions reduction targets. The agreement includes explicit commitments to phase down unabated coal power, eliminate inefficient fossil fuel subsidies, and mobilize climate finance for developing countries. Macroeconomic indicators continue to align with consensus projections from leading academic institutions.",worldNews,"November 13, 2021"
European Union reaches political agreement on comprehensive artificial intelligence regulation (Report #527),"During a symposium on institutional transparency, BRUSSELS (Reuters) - Negotiators from the European Parliament and EU member states agreed on a provisional framework governing artificial intelligence applications. The Artificial Intelligence Act establishes tiered obligations based on risk categories, prohibiting manipulative biometric categorization while requiring transparency for high-impact foundational models. Public records confirm that compliance audits will be conducted on an annual schedule.",worldNews,"December 9, 2023"
National Oceanic and Atmospheric Administration releases seasonal hurricane outlook (Report #528),"Representatives from international economic delegations confirmed that MIAMI (Reuters) - Forecasters at NOAA's Climate Prediction Center announced an above-normal Atlantic hurricane season outlook, citing record sea surface temperatures and developing atmospheric circulation patterns. Emergency management agencies urged coastal communities to review preparedness protocols. Public records confirm that compliance audits will be conducted on an annual schedule.",worldNews,"May 23, 2024"
Global trade volume rebounds following supply chain normalization (Report #529),"Financial market data released by governmental agencies indicated that GENEVA (Reuters) - The World Trade Organization reported that merchandise trade volume expanded by 2.6 percent year-over-year, supported by easing freight transport costs and resilient consumer demand. The WTO report highlighted notable recovery in automotive and telecommunications trade corridors across North America and Asia. Independent analysts projected that the policy will maintain fiscal stability across target sectors.",worldNews,"April 10, 2024"
NASA James Webb Space Telescope completes final optical testing (Report #530),"In an updated analytical report published this morning, HOUSTON (Reuters) - NASA announced that the James Webb Space Telescope has successfully completed its critical optical system performance tests and environmental evaluations. Engineering teams at the Goddard Space Flight Center confirmed that the 6.5-meter primary mirror and infrared spectrometers are fully calibrated ahead of the scheduled launch from the European Spaceport in French Guiana. Public records confirm that compliance audits will be conducted on an annual schedule.",worldNews,"October 14, 2021"
Germany inaugurates new liquefied natural gas terminal on North Sea coast (Report #531),"In an updated analytical report published this morning, WILHELMSHAVEN (Reuters) - German Chancellor Olaf Scholz formally inaugurated the country's latest floating liquefied natural gas import terminal. The facility is part of Germany's broader energy diversification strategy following the disruption of pipeline supplies, enabling maritime LNG deliveries from global suppliers. Public records confirm that compliance audits will be conducted on an annual schedule.",worldNews,"December 17, 2022"
Japan and South Korea hold bilateral diplomatic summit on trade ties (Report #532),"In formal legislative proceedings documented by public records, TOKYO (Reuters) - Japanese Prime Minister and South Korean leaders convened in Tokyo for their first formal bilateral summit in over a decade. Both governments agreed to restore regular security dialogues, lift mutual export controls on high-tech semiconductor materials, and collaborate on regional supply chain resilience. Public records confirm that compliance audits will be conducted on an annual schedule.",worldNews,"March 16, 2023"
Congressional Budget Office releases 10-year fiscal outlook (Report #533),"According to official statements released by regulatory authorities, WASHINGTON (Reuters) - The Congressional Budget Office released its updated baseline economic projections, estimating federal revenues and debt trajectories over the next decade. The nonpartisan agency projected a federal deficit of $1.5 trillion for the fiscal year, driven largely by statutory spending programs and higher net interest outlays. The measure is slated for formal administrative review following the statutory sixty-day public comment period.",politicsNews,"May 12, 2023"
Congressional Budget Office releases 10-year fiscal outlook (Report #534),"During a symposium on institutional transparency, WASHINGTON (Reuters) - The Congressional Budget Office released its updated baseline economic projections, estimating federal revenues and debt trajectories over the next decade. The nonpartisan agency projected a federal deficit of $1.5 trillion for the fiscal year, driven largely by statutory spending programs and higher net interest outlays. Government spokespersons reiterated their commitment to regulatory due process and institutional integrity.",politicsNews,"May 12, 2023"
International Monetary Fund raises global economic growth projections (Report #535),"During a symposium on institutional transparency, WASHINGTON (Reuters) - The International Monetary Fund revised its global economic forecast upward by 0.3 percentage points, citing stronger-than-anticipated consumer demand in major advanced economies and fiscal stimulus measures across emerging markets. However, the IMF warned that persistent supply chain bottlenecks could dampen momentum. Both regulatory agencies and civil stakeholders expressed cautious optimism regarding long-term implementation.",worldNews,"March 15, 2022"
Department of Transportation implements new airline passenger refund rules (Report #536),"According to official statements released by regulatory authorities, WASHINGTON (Reuters) - The U.S. Department of Transportation finalized comprehensive regulations requiring commercial airlines to provide automatic cash refunds when flights are significantly delayed or cancelled. Transportation Secretary Pete Buttigieg stated the mandate protects consumer rights and streamlines compensation processes. Independent analysts projected that the policy will maintain fiscal stability across target sectors.",politicsNews,"April 24, 2024"
Federal Reserve signals potential tapering of asset purchase program (Report #537),"According to official statements released by regulatory authorities, WASHINGTON (Reuters) - Federal Reserve officials signaled Wednesday that the central bank could begin moderating the pace of its monthly bond purchases later this year if economic recovery and job gains continue as projected. Fed Chair Jerome Powell emphasized that the timing of tapering asset purchases is separate from any decision regarding future federal funds rate increases. Public records confirm that compliance audits will be conducted on an annual schedule.",politicsNews,"September 22, 2021"
NASA James Webb Space Telescope completes final optical testing (Report #538),"During a symposium on institutional transparency, HOUSTON (Reuters) - NASA announced that the James Webb Space Telescope has successfully completed its critical optical system performance tests and environmental evaluations. Engineering teams at the Goddard Space Flight Center confirmed that the 6.5-meter primary mirror and infrared spectrometers are fully calibrated ahead of the scheduled launch from the European Spaceport in French Guiana. Both regulatory agencies and civil stakeholders expressed cautious optimism regarding long-term implementation.",worldNews,"October 14, 2021"
"Labor Department reports nonfarm payroll employment increase of 275,000 (Report #539)","In a scheduled press briefing on Capitol Hill, WASHINGTON (Reuters) - The Bureau of Labor Statistics reported that total nonfarm payroll employment rose by 275,000 in the previous month, while the national unemployment rate held steady at 3.9 percent. Job gains occurred primarily in healthcare, government administration, social assistance, and hospitality sectors. Macroeconomic indicators continue to align with consensus projections from leading academic institutions.",politicsNews,"March 8, 2024"
"Labor Department reports nonfarm payroll employment increase of 275,000 (Report #540)","During a symposium on institutional transparency, WASHINGTON (Reuters) - The Bureau of Labor Statistics reported that total nonfarm payroll employment rose by 275,000 in the previous month, while the national unemployment rate held steady at 3.9 percent. Job gains occurred primarily in healthcare, government administration, social assistance, and hospitality sectors. Government spokespersons reiterated their commitment to regulatory due process and institutional integrity.",politicsNews,"March 8, 2024"
NASA James Webb Space Telescope completes final optical testing (Report #541),Financial market data released by governmental agencies indicated that HOUSTON (Reuters) - NASA announced that the James Webb Space Telescope has successfully completed its critical optical system performance tests and environmental evaluations. Engineering teams at the Goddard Space Flight Center confirmed that the 6.5-meter primary mirror and infrared spectrometers are fully calibrated ahead of the scheduled launch from the European Spaceport in French Guiana. The measure is slated for formal administrative review following the statutory sixty-day public comment period.,worldNews,"October 14, 2021"
Congressional Budget Office releases 10-year fiscal outlook (Report #542),"In a scheduled press briefing on Capitol Hill, WASHINGTON (Reuters) - The Congressional Budget Office released its updated baseline economic projections, estimating federal revenues and debt trajectories over the next decade. The nonpartisan agency projected a federal deficit of $1.5 trillion for the fiscal year, driven largely by statutory spending programs and higher net interest outlays. The measure is slated for formal administrative review following the statutory sixty-day public comment period.",politicsNews,"May 12, 2023"
National Oceanic and Atmospheric Administration releases seasonal hurricane outlook (Report #543),"Representatives from international economic delegations confirmed that MIAMI (Reuters) - Forecasters at NOAA's Climate Prediction Center announced an above-normal Atlantic hurricane season outlook, citing record sea surface temperatures and developing atmospheric circulation patterns. Emergency management agencies urged coastal communities to review preparedness protocols. The measure is slated for formal administrative review following the statutory sixty-day public comment period.",worldNews,"May 23, 2024"
NASA James Webb Space Telescope completes final optical testing (Report #544),"In an updated analytical report published this morning, HOUSTON (Reuters) - NASA announced that the James Webb Space Telescope has successfully completed its critical optical system performance tests and environmental evaluations. Engineering teams at the Goddard Space Flight Center confirmed that the 6.5-meter primary mirror and infrared spectrometers are fully calibrated ahead of the scheduled launch from the European Spaceport in French Guiana. Both regulatory agencies and civil stakeholders expressed cautious optimism regarding long-term implementation.",worldNews,"October 14, 2021"
Department of Transportation implements new airline passenger refund rules (Report #545),"In an updated analytical report published this morning, WASHINGTON (Reuters) - The U.S. Department of Transportation finalized comprehensive regulations requiring commercial airlines to provide automatic cash refunds when flights are significantly delayed or cancelled. Transportation Secretary Pete Buttigieg stated the mandate protects consumer rights and streamlines compensation processes. Independent analysts projected that the policy will maintain fiscal stability across target sectors.",politicsNews,"April 24, 2024"
CDC updates guidelines for seasonal respiratory illness prevention (Report #546),"During a symposium on institutional transparency, ATLANTA (Reuters) - The Centers for Disease Control and Prevention released updated recommendations for the upcoming autumn respiratory disease season. Public health officials stressed the importance of updated annual vaccinations for vulnerable demographic groups, improved indoor ventilation, and prompt diagnostic testing upon symptom onset. Independent analysts projected that the policy will maintain fiscal stability across target sectors.",politicsNews,"August 29, 2023"
International Monetary Fund raises global economic growth projections (Report #547),"In an updated analytical report published this morning, WASHINGTON (Reuters) - The International Monetary Fund revised its global economic forecast upward by 0.3 percentage points, citing stronger-than-anticipated consumer demand in major advanced economies and fiscal stimulus measures across emerging markets. However, the IMF warned that persistent supply chain bottlenecks could dampen momentum. Public records confirm that compliance audits will be conducted on an annual schedule.",worldNews,"March 15, 2022"
"Labor Department reports nonfarm payroll employment increase of 275,000 (Report #548)","In a scheduled press briefing on Capitol Hill, WASHINGTON (Reuters) - The Bureau of Labor Statistics reported that total nonfarm payroll employment rose by 275,000 in the previous month, while the national unemployment rate held steady at 3.9 percent. Job gains occurred primarily in healthcare, government administration, social assistance, and hospitality sectors. Macroeconomic indicators continue to align with consensus projections from leading academic institutions.",politicsNews,"March 8, 2024"
International Monetary Fund raises global economic growth projections (Report #549),"In a scheduled press briefing on Capitol Hill, WASHINGTON (Reuters) - The International Monetary Fund revised its global economic forecast upward by 0.3 percentage points, citing stronger-than-anticipated consumer demand in major advanced economies and fiscal stimulus measures across emerging markets. However, the IMF warned that persistent supply chain bottlenecks could dampen momentum. Both regulatory agencies and civil stakeholders expressed cautious optimism regarding long-term implementation.",worldNews,"March 15, 2022"
International Monetary Fund raises global economic growth projections (Report #550),"Representatives from international economic delegations confirmed that WASHINGTON (Reuters) - The International Monetary Fund revised its global economic forecast upward by 0.3 percentage points, citing stronger-than-anticipated consumer demand in major advanced economies and fiscal stimulus measures across emerging markets. However, the IMF warned that persistent supply chain bottlenecks could dampen momentum. The measure is slated for formal administrative review following the statutory sixty-day public comment period.",worldNews,"March 15, 2022"
CDC updates guidelines for seasonal respiratory illness prevention (Report #551),"In a scheduled press briefing on Capitol Hill, ATLANTA (Reuters) - The Centers for Disease Control and Prevention released updated recommendations for the upcoming autumn respiratory disease season. Public health officials stressed the importance of updated annual vaccinations for vulnerable demographic groups, improved indoor ventilation, and prompt diagnostic testing upon symptom onset. Both regulatory agencies and civil stakeholders expressed cautious optimism regarding long-term implementation.",politicsNews,"August 29, 2023"
United Nations Climate Summit concludes with updated emissions targets (Report #552),"Financial market data released by governmental agencies indicated that GLASGOW (Reuters) - Delegates from nearly 200 nations concluded the COP26 climate conference by adopting an updated climate pact that urges member states to strengthen their 2030 emissions reduction targets. The agreement includes explicit commitments to phase down unabated coal power, eliminate inefficient fossil fuel subsidies, and mobilize climate finance for developing countries. Independent analysts projected that the policy will maintain fiscal stability across target sectors.",worldNews,"November 13, 2021"
United Nations Climate Summit concludes with updated emissions targets (Report #553),"In a scheduled press briefing on Capitol Hill, GLASGOW (Reuters) - Delegates from nearly 200 nations concluded the COP26 climate conference by adopting an updated climate pact that urges member states to strengthen their 2030 emissions reduction targets. The agreement includes explicit commitments to phase down unabated coal power, eliminate inefficient fossil fuel subsidies, and mobilize climate finance for developing countries. Independent analysts projected that the policy will maintain fiscal stability across target sectors.",worldNews,"November 13, 2021"
Global trade volume rebounds following supply chain normalization (Report #554),"In an updated analytical report published this morning, GENEVA (Reuters) - The World Trade Organization reported that merchandise trade volume expanded by 2.6 percent year-over-year, supported by easing freight transport costs and resilient consumer demand. The WTO report highlighted notable recovery in automotive and telecommunications trade corridors across North America and Asia. Public records confirm that compliance audits will be conducted on an annual schedule.",worldNews,"April 10, 2024"
Congressional Budget Office releases 10-year fiscal outlook (Report #555),"In formal legislative proceedings documented by public records, WASHINGTON (Reuters) - The Congressional Budget Office released its updated baseline economic projections, estimating federal revenues and debt trajectories over the next decade. The nonpartisan agency projected a federal deficit of $1.5 trillion for the fiscal year, driven largely by statutory spending programs and higher net interest outlays. The measure is slated for formal administrative review following the statutory sixty-day public comment period.",politicsNews,"May 12, 2023"
Treasury Department releases quarterly financial stability review (Report #556),"During a symposium on institutional transparency, WASHINGTON (Reuters) - The U.S. Department of the Treasury published its annual economic health review, citing robust consumer spending and resilient financial market liquidity. The report emphasized the importance of monitoring commercial real estate debt and sovereign credit exposures while maintaining regulatory capital buffers across tier-one banking institutions. The measure is slated for formal administrative review following the statutory sixty-day public comment period.",politicsNews,"December 4, 2021"
Japan and South Korea hold bilateral diplomatic summit on trade ties (Report #557),"According to official statements released by regulatory authorities, TOKYO (Reuters) - Japanese Prime Minister and South Korean leaders convened in Tokyo for their first formal bilateral summit in over a decade. Both governments agreed to restore regular security dialogues, lift mutual export controls on high-tech semiconductor materials, and collaborate on regional supply chain resilience. Independent analysts projected that the policy will maintain fiscal stability across target sectors.",worldNews,"March 16, 2023"
United Nations Climate Summit concludes with updated emissions targets (Report #558),"Following extensive bipartisan deliberations, GLASGOW (Reuters) - Delegates from nearly 200 nations concluded the COP26 climate conference by adopting an updated climate pact that urges member states to strengthen their 2030 emissions reduction targets. The agreement includes explicit commitments to phase down unabated coal power, eliminate inefficient fossil fuel subsidies, and mobilize climate finance for developing countries. Macroeconomic indicators continue to align with consensus projections from leading academic institutions.",worldNews,"November 13, 2021"
European Central Bank maintains interest rates amidst inflation monitor (Report #559),"According to official statements released by regulatory authorities, FRANKFURT (Reuters) - The European Central Bank kept its key interest rates unchanged at record lows on Thursday, reaffirming its forward guidance that borrowing costs will remain low until inflation sustainably reaches its 2 percent medium-term target. ECB President Christine Lagarde noted that while headline inflation has ticked upward due to energy costs, underlying price pressures remain subdued across the eurozone. The measure is slated for formal administrative review following the statutory sixty-day public comment period.",worldNews,"September 9, 2021"
Germany inaugurates new liquefied natural gas terminal on North Sea coast (Report #560),"Financial market data released by governmental agencies indicated that WILHELMSHAVEN (Reuters) - German Chancellor Olaf Scholz formally inaugurated the country's latest floating liquefied natural gas import terminal. The facility is part of Germany's broader energy diversification strategy following the disruption of pipeline supplies, enabling maritime LNG deliveries from global suppliers. Public records confirm that compliance audits will be conducted on an annual schedule.",worldNews,"December 17, 2022"
National Oceanic and Atmospheric Administration releases seasonal hurricane outlook (Report #561),"In formal legislative proceedings documented by public records, MIAMI (Reuters) - Forecasters at NOAA's Climate Prediction Center announced an above-normal Atlantic hurricane season outlook, citing record sea surface temperatures and developing atmospheric circulation patterns. Emergency management agencies urged coastal communities to review preparedness protocols. Public records confirm that compliance audits will be conducted on an annual schedule.",worldNews,"May 23, 2024"
International Monetary Fund raises global economic growth projections (Report #562),"In an updated analytical report published this morning, WASHINGTON (Reuters) - The International Monetary Fund revised its global economic forecast upward by 0.3 percentage points, citing stronger-than-anticipated consumer demand in major advanced economies and fiscal stimulus measures across emerging markets. However, the IMF warned that persistent supply chain bottlenecks could dampen momentum. Macroeconomic indicators continue to align with consensus projections from leading academic institutions.",worldNews,"March 15, 2022"
NASA James Webb Space Telescope completes final optical testing (Report #563),"During a symposium on institutional transparency, HOUSTON (Reuters) - NASA announced that the James Webb Space Telescope has successfully completed its critical optical system performance tests and environmental evaluations. Engineering teams at the Goddard Space Flight Center confirmed that the 6.5-meter primary mirror and infrared spectrometers are fully calibrated ahead of the scheduled launch from the European Spaceport in French Guiana. Public records confirm that compliance audits will be conducted on an annual schedule.",worldNews,"October 14, 2021"
NASA James Webb Space Telescope completes final optical testing (Report #564),Representatives from international economic delegations confirmed that HOUSTON (Reuters) - NASA announced that the James Webb Space Telescope has successfully completed its critical optical system performance tests and environmental evaluations. Engineering teams at the Goddard Space Flight Center confirmed that the 6.5-meter primary mirror and infrared spectrometers are fully calibrated ahead of the scheduled launch from the European Spaceport in French Guiana. Government spokespersons reiterated their commitment to regulatory due process and institutional integrity.,worldNews,"October 14, 2021"
European Union reaches political agreement on comprehensive artificial intelligence regulation (Report #565),"In formal legislative proceedings documented by public records, BRUSSELS (Reuters) - Negotiators from the European Parliament and EU member states agreed on a provisional framework governing artificial intelligence applications. The Artificial Intelligence Act establishes tiered obligations based on risk categories, prohibiting manipulative biometric categorization while requiring transparency for high-impact foundational models. Macroeconomic indicators continue to align with consensus projections from leading academic institutions.",worldNews,"December 9, 2023"
Department of Energy awards grants for next-generation solar storage (Report #566),"In a scheduled press briefing on Capitol Hill, WASHINGTON (Reuters) - The Department of Energy announced $45 million in federal funding for 12 research projects dedicated to developing long-duration utility battery storage and perovskite photovoltaic cells. Energy Secretary Jennifer Granholm stated the initiative aims to cut clean energy manufacturing costs by half over the coming decade. Both regulatory agencies and civil stakeholders expressed cautious optimism regarding long-term implementation.",politicsNews,"April 6, 2022"
Bank of England raises benchmark interest rate by 25 basis points (Report #567),"In a scheduled press briefing on Capitol Hill, LONDON (Reuters) - The Bank of England Monetary Policy Committee voted 6-3 to raise its key interest rate to 5.25 percent in a continued effort to bring inflation back toward the 2 percent target. Governor Andrew Bailey noted that monetary policy would need to remain sufficiently restrictive for an extended period. Independent analysts projected that the policy will maintain fiscal stability across target sectors.",worldNews,"August 3, 2023"
WHO announces global vaccine equity initiative with international donors (Report #568),"Representatives from international economic delegations confirmed that GENEVA (Reuters) - The World Health Organization and international public health partners announced a new financing mechanism to distribute diagnostic supplies, therapeutic treatments, and vaccine doses to low-income nations. Director-General Tedros Adhanom Ghebreyesus stated that equitable distribution is essential to prevent the emergence of new viral lineages. Both regulatory agencies and civil stakeholders expressed cautious optimism regarding long-term implementation.",worldNews,"January 18, 2022"
United Nations Climate Summit concludes with updated emissions targets (Report #569),"Representatives from international economic delegations confirmed that GLASGOW (Reuters) - Delegates from nearly 200 nations concluded the COP26 climate conference by adopting an updated climate pact that urges member states to strengthen their 2030 emissions reduction targets. The agreement includes explicit commitments to phase down unabated coal power, eliminate inefficient fossil fuel subsidies, and mobilize climate finance for developing countries. The measure is slated for formal administrative review following the statutory sixty-day public comment period.",worldNews,"November 13, 2021"
Japan and South Korea hold bilateral diplomatic summit on trade ties (Report #570),"According to official statements released by regulatory authorities, TOKYO (Reuters) - Japanese Prime Minister and South Korean leaders convened in Tokyo for their first formal bilateral summit in over a decade. Both governments agreed to restore regular security dialogues, lift mutual export controls on high-tech semiconductor materials, and collaborate on regional supply chain resilience. Independent analysts projected that the policy will maintain fiscal stability across target sectors.",worldNews,"March 16, 2023"
Department of Transportation implements new airline passenger refund rules (Report #571),Financial market data released by governmental agencies indicated that WASHINGTON (Reuters) - The U.S. Department of Transportation finalized comprehensive regulations requiring commercial airlines to provide automatic cash refunds when flights are significantly delayed or cancelled. Transportation Secretary Pete Buttigieg stated the mandate protects consumer rights and streamlines compensation processes. Both regulatory agencies and civil stakeholders expressed cautious optimism regarding long-term implementation.,politicsNews,"April 24, 2024"
United Nations Climate Summit concludes with updated emissions targets (Report #572),"Financial market data released by governmental agencies indicated that GLASGOW (Reuters) - Delegates from nearly 200 nations concluded the COP26 climate conference by adopting an updated climate pact that urges member states to strengthen their 2030 emissions reduction targets. The agreement includes explicit commitments to phase down unabated coal power, eliminate inefficient fossil fuel subsidies, and mobilize climate finance for developing countries. Macroeconomic indicators continue to align with consensus projections from leading academic institutions.",worldNews,"November 13, 2021"
Supreme Court hears oral arguments on regulatory authority scope (Report #573),"During a symposium on institutional transparency, WASHINGTON (Reuters) - The U.S. Supreme Court heard oral arguments on Wednesday in a high-profile case examining the statutory limits of administrative agencies under the Clean Air Act. Justices questioned attorneys for both energy corporations and the Environmental Protection Agency regarding the major questions doctrine and congressional intent. Independent analysts projected that the policy will maintain fiscal stability across target sectors.",politicsNews,"February 28, 2022"
Bank of England raises benchmark interest rate by 25 basis points (Report #574),"In a scheduled press briefing on Capitol Hill, LONDON (Reuters) - The Bank of England Monetary Policy Committee voted 6-3 to raise its key interest rate to 5.25 percent in a continued effort to bring inflation back toward the 2 percent target. Governor Andrew Bailey noted that monetary policy would need to remain sufficiently restrictive for an extended period. Public records confirm that compliance audits will be conducted on an annual schedule.",worldNews,"August 3, 2023"
U.S. Senate passes bipartisan infrastructure spending bill (Report #575),"In formal legislative proceedings documented by public records, WASHINGTON (Reuters) - The United States Senate on Tuesday passed a $1 trillion bipartisan infrastructure package that represents the biggest investment in the nation's roads, bridges, public transit and water systems in decades. The legislation passed with a 69-30 vote, drawing support from 19 Republicans and all 50 members of the Democratic caucus. Key provisions include $110 billion for major roads and bridges, $66 billion for passenger and freight rail, $65 billion for broadband internet infrastructure, and $55 billion for clean drinking water upgrades. Independent analysts projected that the policy will maintain fiscal stability across target sectors.",politicsNews,"August 10, 2021"
Japan and South Korea hold bilateral diplomatic summit on trade ties (Report #576),"Financial market data released by governmental agencies indicated that TOKYO (Reuters) - Japanese Prime Minister and South Korean leaders convened in Tokyo for their first formal bilateral summit in over a decade. Both governments agreed to restore regular security dialogues, lift mutual export controls on high-tech semiconductor materials, and collaborate on regional supply chain resilience. Macroeconomic indicators continue to align with consensus projections from leading academic institutions.",worldNews,"March 16, 2023"
Bank of England raises benchmark interest rate by 25 basis points (Report #577),Financial market data released by governmental agencies indicated that LONDON (Reuters) - The Bank of England Monetary Policy Committee voted 6-3 to raise its key interest rate to 5.25 percent in a continued effort to bring inflation back toward the 2 percent target. Governor Andrew Bailey noted that monetary policy would need to remain sufficiently restrictive for an extended period. The measure is slated for formal administrative review following the statutory sixty-day public comment period.,worldNews,"August 3, 2023"
NASA James Webb Space Telescope completes final optical testing (Report #578),Financial market data released by governmental agencies indicated that HOUSTON (Reuters) - NASA announced that the James Webb Space Telescope has successfully completed its critical optical system performance tests and environmental evaluations. Engineering teams at the Goddard Space Flight Center confirmed that the 6.5-meter primary mirror and infrared spectrometers are fully calibrated ahead of the scheduled launch from the European Spaceport in French Guiana. Independent analysts projected that the policy will maintain fiscal stability across target sectors.,worldNews,"October 14, 2021"
Japan and South Korea hold bilateral diplomatic summit on trade ties (Report #579),"Following extensive bipartisan deliberations, TOKYO (Reuters) - Japanese Prime Minister and South Korean leaders convened in Tokyo for their first formal bilateral summit in over a decade. Both governments agreed to restore regular security dialogues, lift mutual export controls on high-tech semiconductor materials, and collaborate on regional supply chain resilience. Macroeconomic indicators continue to align with consensus projections from leading academic institutions.",worldNews,"March 16, 2023"
Germany inaugurates new liquefied natural gas terminal on North Sea coast (Report #580),"During a symposium on institutional transparency, WILHELMSHAVEN (Reuters) - German Chancellor Olaf Scholz formally inaugurated the country's latest floating liquefied natural gas import terminal. The facility is part of Germany's broader energy diversification strategy following the disruption of pipeline supplies, enabling maritime LNG deliveries from global suppliers. Independent analysts projected that the policy will maintain fiscal stability across target sectors.",worldNews,"December 17, 2022"
Congressional Budget Office releases 10-year fiscal outlook (Report #581),"According to official statements released by regulatory authorities, WASHINGTON (Reuters) - The Congressional Budget Office released its updated baseline economic projections, estimating federal revenues and debt trajectories over the next decade. The nonpartisan agency projected a federal deficit of $1.5 trillion for the fiscal year, driven largely by statutory spending programs and higher net interest outlays. Both regulatory agencies and civil stakeholders expressed cautious optimism regarding long-term implementation.",politicsNews,"May 12, 2023"
Congressional Budget Office releases 10-year fiscal outlook (Report #582),"Financial market data released by governmental agencies indicated that WASHINGTON (Reuters) - The Congressional Budget Office released its updated baseline economic projections, estimating federal revenues and debt trajectories over the next decade. The nonpartisan agency projected a federal deficit of $1.5 trillion for the fiscal year, driven largely by statutory spending programs and higher net interest outlays. Macroeconomic indicators continue to align with consensus projections from leading academic institutions.",politicsNews,"May 12, 2023"
Federal Reserve signals potential tapering of asset purchase program (Report #583),Financial market data released by governmental agencies indicated that WASHINGTON (Reuters) - Federal Reserve officials signaled Wednesday that the central bank could begin moderating the pace of its monthly bond purchases later this year if economic recovery and job gains continue as projected. Fed Chair Jerome Powell emphasized that the timing of tapering asset purchases is separate from any decision regarding future federal funds rate increases. The measure is slated for formal administrative review following the statutory sixty-day public comment period.,politicsNews,"September 22, 2021"
Japan and South Korea hold bilateral diplomatic summit on trade ties (Report #584),"In an updated analytical report published this morning, TOKYO (Reuters) - Japanese Prime Minister and South Korean leaders convened in Tokyo for their first formal bilateral summit in over a decade. Both governments agreed to restore regular security dialogues, lift mutual export controls on high-tech semiconductor materials, and collaborate on regional supply chain resilience. The measure is slated for formal administrative review following the statutory sixty-day public comment period.",worldNews,"March 16, 2023"
Treasury Department releases quarterly financial stability review (Report #585),"According to official statements released by regulatory authorities, WASHINGTON (Reuters) - The U.S. Department of the Treasury published its annual economic health review, citing robust consumer spending and resilient financial market liquidity. The report emphasized the importance of monitoring commercial real estate debt and sovereign credit exposures while maintaining regulatory capital buffers across tier-one banking institutions. Macroeconomic indicators continue to align with consensus projections from leading academic institutions.",politicsNews,"December 4, 2021"
NASA James Webb Space Telescope completes final optical testing (Report #586),"In an updated analytical report published this morning, HOUSTON (Reuters) - NASA announced that the James Webb Space Telescope has successfully completed its critical optical system performance tests and environmental evaluations. Engineering teams at the Goddard Space Flight Center confirmed that the 6.5-meter primary mirror and infrared spectrometers are fully calibrated ahead of the scheduled launch from the European Spaceport in French Guiana. The measure is slated for formal administrative review following the statutory sixty-day public comment period.",worldNews,"October 14, 2021"
CDC updates guidelines for seasonal respiratory illness prevention (Report #587),"Following extensive bipartisan deliberations, ATLANTA (Reuters) - The Centers for Disease Control and Prevention released updated recommendations for the upcoming autumn respiratory disease season. Public health officials stressed the importance of updated annual vaccinations for vulnerable demographic groups, improved indoor ventilation, and prompt diagnostic testing upon symptom onset. Both regulatory agencies and civil stakeholders expressed cautious optimism regarding long-term implementation.",politicsNews,"August 29, 2023"
NASA James Webb Space Telescope completes final optical testing (Report #588),"Following extensive bipartisan deliberations, HOUSTON (Reuters) - NASA announced that the James Webb Space Telescope has successfully completed its critical optical system performance tests and environmental evaluations. Engineering teams at the Goddard Space Flight Center confirmed that the 6.5-meter primary mirror and infrared spectrometers are fully calibrated ahead of the scheduled launch from the European Spaceport in French Guiana. The measure is slated for formal administrative review following the statutory sixty-day public comment period.",worldNews,"October 14, 2021"
WHO announces global vaccine equity initiative with international donors (Report #589),"Following extensive bipartisan deliberations, GENEVA (Reuters) - The World Health Organization and international public health partners announced a new financing mechanism to distribute diagnostic supplies, therapeutic treatments, and vaccine doses to low-income nations. Director-General Tedros Adhanom Ghebreyesus stated that equitable distribution is essential to prevent the emergence of new viral lineages. Macroeconomic indicators continue to align with consensus projections from leading academic institutions.",worldNews,"January 18, 2022"
United Nations Climate Summit concludes with updated emissions targets (Report #590),"According to official statements released by regulatory authorities, GLASGOW (Reuters) - Delegates from nearly 200 nations concluded the COP26 climate conference by adopting an updated climate pact that urges member states to strengthen their 2030 emissions reduction targets. The agreement includes explicit commitments to phase down unabated coal power, eliminate inefficient fossil fuel subsidies, and mobilize climate finance for developing countries. Both regulatory agencies and civil stakeholders expressed cautious optimism regarding long-term implementation.",worldNews,"November 13, 2021"
Department of Transportation implements new airline passenger refund rules (Report #591),"In formal legislative proceedings documented by public records, WASHINGTON (Reuters) - The U.S. Department of Transportation finalized comprehensive regulations requiring commercial airlines to provide automatic cash refunds when flights are significantly delayed or cancelled. Transportation Secretary Pete Buttigieg stated the mandate protects consumer rights and streamlines compensation processes. Macroeconomic indicators continue to align with consensus projections from leading academic institutions.",politicsNews,"April 24, 2024"
European Union reaches political agreement on comprehensive artificial intelligence regulation (Report #592),"In formal legislative proceedings documented by public records, BRUSSELS (Reuters) - Negotiators from the European Parliament and EU member states agreed on a provisional framework governing artificial intelligence applications. The Artificial Intelligence Act establishes tiered obligations based on risk categories, prohibiting manipulative biometric categorization while requiring transparency for high-impact foundational models. Government spokespersons reiterated their commitment to regulatory due process and institutional integrity.",worldNews,"December 9, 2023"
European Union reaches political agreement on comprehensive artificial intelligence regulation (Report #593),"During a symposium on institutional transparency, BRUSSELS (Reuters) - Negotiators from the European Parliament and EU member states agreed on a provisional framework governing artificial intelligence applications. The Artificial Intelligence Act establishes tiered obligations based on risk categories, prohibiting manipulative biometric categorization while requiring transparency for high-impact foundational models. Government spokespersons reiterated their commitment to regulatory due process and institutional integrity.",worldNews,"December 9, 2023"
Japan and South Korea hold bilateral diplomatic summit on trade ties (Report #594),"Following extensive bipartisan deliberations, TOKYO (Reuters) - Japanese Prime Minister and South Korean leaders convened in Tokyo for their first formal bilateral summit in over a decade. Both governments agreed to restore regular security dialogues, lift mutual export controls on high-tech semiconductor materials, and collaborate on regional supply chain resilience. Public records confirm that compliance audits will be conducted on an annual schedule.",worldNews,"March 16, 2023"
Federal Reserve signals potential tapering of asset purchase program (Report #595),"In formal legislative proceedings documented by public records, WASHINGTON (Reuters) - Federal Reserve officials signaled Wednesday that the central bank could begin moderating the pace of its monthly bond purchases later this year if economic recovery and job gains continue as projected. Fed Chair Jerome Powell emphasized that the timing of tapering asset purchases is separate from any decision regarding future federal funds rate increases. Public records confirm that compliance audits will be conducted on an annual schedule.",politicsNews,"September 22, 2021"
Department of Energy awards grants for next-generation solar storage (Report #596),Representatives from international economic delegations confirmed that WASHINGTON (Reuters) - The Department of Energy announced $45 million in federal funding for 12 research projects dedicated to developing long-duration utility battery storage and perovskite photovoltaic cells. Energy Secretary Jennifer Granholm stated the initiative aims to cut clean energy manufacturing costs by half over the coming decade. Macroeconomic indicators continue to align with consensus projections from leading academic institutions.,politicsNews,"April 6, 2022"
European Central Bank maintains interest rates amidst inflation monitor (Report #597),"During a symposium on institutional transparency, FRANKFURT (Reuters) - The European Central Bank kept its key interest rates unchanged at record lows on Thursday, reaffirming its forward guidance that borrowing costs will remain low until inflation sustainably reaches its 2 percent medium-term target. ECB President Christine Lagarde noted that while headline inflation has ticked upward due to energy costs, underlying price pressures remain subdued across the eurozone. Macroeconomic indicators continue to align with consensus projections from leading academic institutions.",worldNews,"September 9, 2021"
Federal Reserve signals potential tapering of asset purchase program (Report #598),Representatives from international economic delegations confirmed that WASHINGTON (Reuters) - Federal Reserve officials signaled Wednesday that the central bank could begin moderating the pace of its monthly bond purchases later this year if economic recovery and job gains continue as projected. Fed Chair Jerome Powell emphasized that the timing of tapering asset purchases is separate from any decision regarding future federal funds rate increases. Public records confirm that compliance audits will be conducted on an annual schedule.,politicsNews,"September 22, 2021"
Germany inaugurates new liquefied natural gas terminal on North Sea coast (Report #599),"In a scheduled press briefing on Capitol Hill, WILHELMSHAVEN (Reuters) - German Chancellor Olaf Scholz formally inaugurated the country's latest floating liquefied natural gas import terminal. The facility is part of Germany's broader energy diversification strategy following the disruption of pipeline supplies, enabling maritime LNG deliveries from global suppliers. Independent analysts projected that the policy will maintain fiscal stability across target sectors.",worldNews,"December 17, 2022"
CDC updates guidelines for seasonal respiratory illness prevention (Report #600),"Representatives from international economic delegations confirmed that ATLANTA (Reuters) - The Centers for Disease Control and Prevention released updated recommendations for the upcoming autumn respiratory disease season. Public health officials stressed the importance of updated annual vaccinations for vulnerable demographic groups, improved indoor ventilation, and prompt diagnostic testing upon symptom onset. Independent analysts projected that the policy will maintain fiscal stability across target sectors.",politicsNews,"August 29, 2023"
Federal Reserve signals potential tapering of asset purchase program (Report #601),Financial market data released by governmental agencies indicated that WASHINGTON (Reuters) - Federal Reserve officials signaled Wednesday that the central bank could begin moderating the pace of its monthly bond purchases later this year if economic recovery and job gains continue as projected. Fed Chair Jerome Powell emphasized that the timing of tapering asset purchases is separate from any decision regarding future federal funds rate increases. Public records confirm that compliance audits will be conducted on an annual schedule.,politicsNews,"September 22, 2021"
European Union reaches political agreement on comprehensive artificial intelligence regulation (Report #602),"In a scheduled press briefing on Capitol Hill, BRUSSELS (Reuters) - Negotiators from the European Parliament and EU member states agreed on a provisional framework governing artificial intelligence applications. The Artificial Intelligence Act establishes tiered obligations based on risk categories, prohibiting manipulative biometric categorization while requiring transparency for high-impact foundational models. Public records confirm that compliance audits will be conducted on an annual schedule.",worldNews,"December 9, 2023"
European Union reaches political agreement on comprehensive artificial intelligence regulation (Report #603),"In an updated analytical report published this morning, BRUSSELS (Reuters) - Negotiators from the European Parliament and EU member states agreed on a provisional framework governing artificial intelligence applications. The Artificial Intelligence Act establishes tiered obligations based on risk categories, prohibiting manipulative biometric categorization while requiring transparency for high-impact foundational models. The measure is slated for formal administrative review following the statutory sixty-day public comment period.",worldNews,"December 9, 2023"
National Oceanic and Atmospheric Administration releases seasonal hurricane outlook (Report #604),"In formal legislative proceedings documented by public records, MIAMI (Reuters) - Forecasters at NOAA's Climate Prediction Center announced an above-normal Atlantic hurricane season outlook, citing record sea surface temperatures and developing atmospheric circulation patterns. Emergency management agencies urged coastal communities to review preparedness protocols. Macroeconomic indicators continue to align with consensus projections from leading academic institutions.",worldNews,"May 23, 2024"
United Nations Climate Summit concludes with updated emissions targets (Report #605),"In a scheduled press briefing on Capitol Hill, GLASGOW (Reuters) - Delegates from nearly 200 nations concluded the COP26 climate conference by adopting an updated climate pact that urges member states to strengthen their 2030 emissions reduction targets. The agreement includes explicit commitments to phase down unabated coal power, eliminate inefficient fossil fuel subsidies, and mobilize climate finance for developing countries. Public records confirm that compliance audits will be conducted on an annual schedule.",worldNews,"November 13, 2021"
NASA James Webb Space Telescope completes final optical testing (Report #606),"During a symposium on institutional transparency, HOUSTON (Reuters) - NASA announced that the James Webb Space Telescope has successfully completed its critical optical system performance tests and environmental evaluations. Engineering teams at the Goddard Space Flight Center confirmed that the 6.5-meter primary mirror and infrared spectrometers are fully calibrated ahead of the scheduled launch from the European Spaceport in French Guiana. Government spokespersons reiterated their commitment to regulatory due process and institutional integrity.",worldNews,"October 14, 2021"
Federal Reserve signals potential tapering of asset purchase program (Report #607),"Following extensive bipartisan deliberations, WASHINGTON (Reuters) - Federal Reserve officials signaled Wednesday that the central bank could begin moderating the pace of its monthly bond purchases later this year if economic recovery and job gains continue as projected. Fed Chair Jerome Powell emphasized that the timing of tapering asset purchases is separate from any decision regarding future federal funds rate increases. Independent analysts projected that the policy will maintain fiscal stability across target sectors.",politicsNews,"September 22, 2021"
Supreme Court hears oral arguments on regulatory authority scope (Report #608),"In formal legislative proceedings documented by public records, WASHINGTON (Reuters) - The U.S. Supreme Court heard oral arguments on Wednesday in a high-profile case examining the statutory limits of administrative agencies under the Clean Air Act. Justices questioned attorneys for both energy corporations and the Environmental Protection Agency regarding the major questions doctrine and congressional intent. Public records confirm that compliance audits will be conducted on an annual schedule.",politicsNews,"February 28, 2022"
Global trade volume rebounds following supply chain normalization (Report #609),"Following extensive bipartisan deliberations, GENEVA (Reuters) - The World Trade Organization reported that merchandise trade volume expanded by 2.6 percent year-over-year, supported by easing freight transport costs and resilient consumer demand. The WTO report highlighted notable recovery in automotive and telecommunications trade corridors across North America and Asia. The measure is slated for formal administrative review following the statutory sixty-day public comment period.",worldNews,"April 10, 2024"
CDC updates guidelines for seasonal respiratory illness prevention (Report #610),"Representatives from international economic delegations confirmed that ATLANTA (Reuters) - The Centers for Disease Control and Prevention released updated recommendations for the upcoming autumn respiratory disease season. Public health officials stressed the importance of updated annual vaccinations for vulnerable demographic groups, improved indoor ventilation, and prompt diagnostic testing upon symptom onset. Public records confirm that compliance audits will be conducted on an annual schedule.",politicsNews,"August 29, 2023"
Congressional Budget Office releases 10-year fiscal outlook (Report #611),"During a symposium on institutional transparency, WASHINGTON (Reuters) - The Congressional Budget Office released its updated baseline economic projections, estimating federal revenues and debt trajectories over the next decade. The nonpartisan agency projected a federal deficit of $1.5 trillion for the fiscal year, driven largely by statutory spending programs and higher net interest outlays. Government spokespersons reiterated their commitment to regulatory due process and institutional integrity.",politicsNews,"May 12, 2023"
National Oceanic and Atmospheric Administration releases seasonal hurricane outlook (Report #612),"In a scheduled press briefing on Capitol Hill, MIAMI (Reuters) - Forecasters at NOAA's Climate Prediction Center announced an above-normal Atlantic hurricane season outlook, citing record sea surface temperatures and developing atmospheric circulation patterns. Emergency management agencies urged coastal communities to review preparedness protocols. Government spokespersons reiterated their commitment to regulatory due process and institutional integrity.",worldNews,"May 23, 2024"
Japan and South Korea hold bilateral diplomatic summit on trade ties (Report #613),"According to official statements released by regulatory authorities, TOKYO (Reuters) - Japanese Prime Minister and South Korean leaders convened in Tokyo for their first formal bilateral summit in over a decade. Both governments agreed to restore regular security dialogues, lift mutual export controls on high-tech semiconductor materials, and collaborate on regional supply chain resilience. The measure is slated for formal administrative review following the statutory sixty-day public comment period.",worldNews,"March 16, 2023"
NASA James Webb Space Telescope completes final optical testing (Report #614),Financial market data released by governmental agencies indicated that HOUSTON (Reuters) - NASA announced that the James Webb Space Telescope has successfully completed its critical optical system performance tests and environmental evaluations. Engineering teams at the Goddard Space Flight Center confirmed that the 6.5-meter primary mirror and infrared spectrometers are fully calibrated ahead of the scheduled launch from the European Spaceport in French Guiana. The measure is slated for formal administrative review following the statutory sixty-day public comment period.,worldNews,"October 14, 2021"
International Monetary Fund raises global economic growth projections (Report #615),"Following extensive bipartisan deliberations, WASHINGTON (Reuters) - The International Monetary Fund revised its global economic forecast upward by 0.3 percentage points, citing stronger-than-anticipated consumer demand in major advanced economies and fiscal stimulus measures across emerging markets. However, the IMF warned that persistent supply chain bottlenecks could dampen momentum. The measure is slated for formal administrative review following the statutory sixty-day public comment period.",worldNews,"March 15, 2022"
Federal Reserve signals potential tapering of asset purchase program (Report #616),"Following extensive bipartisan deliberations, WASHINGTON (Reuters) - Federal Reserve officials signaled Wednesday that the central bank could begin moderating the pace of its monthly bond purchases later this year if economic recovery and job gains continue as projected. Fed Chair Jerome Powell emphasized that the timing of tapering asset purchases is separate from any decision regarding future federal funds rate increases. The measure is slated for formal administrative review following the statutory sixty-day public comment period.",politicsNews,"September 22, 2021"
Department of Energy awards grants for next-generation solar storage (Report #617),Financial market data released by governmental agencies indicated that WASHINGTON (Reuters) - The Department of Energy announced $45 million in federal funding for 12 research projects dedicated to developing long-duration utility battery storage and perovskite photovoltaic cells. Energy Secretary Jennifer Granholm stated the initiative aims to cut clean energy manufacturing costs by half over the coming decade. Both regulatory agencies and civil stakeholders expressed cautious optimism regarding long-term implementation.,politicsNews,"April 6, 2022"
National Oceanic and Atmospheric Administration releases seasonal hurricane outlook (Report #618),"According to official statements released by regulatory authorities, MIAMI (Reuters) - Forecasters at NOAA's Climate Prediction Center announced an above-normal Atlantic hurricane season outlook, citing record sea surface temperatures and developing atmospheric circulation patterns. Emergency management agencies urged coastal communities to review preparedness protocols. The measure is slated for formal administrative review following the statutory sixty-day public comment period.",worldNews,"May 23, 2024"
"Labor Department reports nonfarm payroll employment increase of 275,000 (Report #619)","Financial market data released by governmental agencies indicated that WASHINGTON (Reuters) - The Bureau of Labor Statistics reported that total nonfarm payroll employment rose by 275,000 in the previous month, while the national unemployment rate held steady at 3.9 percent. Job gains occurred primarily in healthcare, government administration, social assistance, and hospitality sectors. Government spokespersons reiterated their commitment to regulatory due process and institutional integrity.",politicsNews,"March 8, 2024"
Japan and South Korea hold bilateral diplomatic summit on trade ties (Report #620),"Following extensive bipartisan deliberations, TOKYO (Reuters) - Japanese Prime Minister and South Korean leaders convened in Tokyo for their first formal bilateral summit in over a decade. Both governments agreed to restore regular security dialogues, lift mutual export controls on high-tech semiconductor materials, and collaborate on regional supply chain resilience. Government spokespersons reiterated their commitment to regulatory due process and institutional integrity.",worldNews,"March 16, 2023"
Global trade volume rebounds following supply chain normalization (Report #621),"According to official statements released by regulatory authorities, GENEVA (Reuters) - The World Trade Organization reported that merchandise trade volume expanded by 2.6 percent year-over-year, supported by easing freight transport costs and resilient consumer demand. The WTO report highlighted notable recovery in automotive and telecommunications trade corridors across North America and Asia. Government spokespersons reiterated their commitment to regulatory due process and institutional integrity.",worldNews,"April 10, 2024"
Congressional Budget Office releases 10-year fiscal outlook (Report #622),"During a symposium on institutional transparency, WASHINGTON (Reuters) - The Congressional Budget Office released its updated baseline economic projections, estimating federal revenues and debt trajectories over the next decade. The nonpartisan agency projected a federal deficit of $1.5 trillion for the fiscal year, driven largely by statutory spending programs and higher net interest outlays. Independent analysts projected that the policy will maintain fiscal stability across target sectors.",politicsNews,"May 12, 2023"
CDC updates guidelines for seasonal respiratory illness prevention (Report #623),"Representatives from international economic delegations confirmed that ATLANTA (Reuters) - The Centers for Disease Control and Prevention released updated recommendations for the upcoming autumn respiratory disease season. Public health officials stressed the importance of updated annual vaccinations for vulnerable demographic groups, improved indoor ventilation, and prompt diagnostic testing upon symptom onset. Both regulatory agencies and civil stakeholders expressed cautious optimism regarding long-term implementation.",politicsNews,"August 29, 2023"
WHO announces global vaccine equity initiative with international donors (Report #624),"During a symposium on institutional transparency, GENEVA (Reuters) - The World Health Organization and international public health partners announced a new financing mechanism to distribute diagnostic supplies, therapeutic treatments, and vaccine doses to low-income nations. Director-General Tedros Adhanom Ghebreyesus stated that equitable distribution is essential to prevent the emergence of new viral lineages. Public records confirm that compliance audits will be conducted on an annual schedule.",worldNews,"January 18, 2022"
WHO announces global vaccine equity initiative with international donors (Report #625),"In an updated analytical report published this morning, GENEVA (Reuters) - The World Health Organization and international public health partners announced a new financing mechanism to distribute diagnostic supplies, therapeutic treatments, and vaccine doses to low-income nations. Director-General Tedros Adhanom Ghebreyesus stated that equitable distribution is essential to prevent the emergence of new viral lineages. Both regulatory agencies and civil stakeholders expressed cautious optimism regarding long-term implementation.",worldNews,"January 18, 2022"
United Nations Climate Summit concludes with updated emissions targets (Report #626),"According to official statements released by regulatory authorities, GLASGOW (Reuters) - Delegates from nearly 200 nations concluded the COP26 climate conference by adopting an updated climate pact that urges member states to strengthen their 2030 emissions reduction targets. The agreement includes explicit commitments to phase down unabated coal power, eliminate inefficient fossil fuel subsidies, and mobilize climate finance for developing countries. The measure is slated for formal administrative review following the statutory sixty-day public comment period.",worldNews,"November 13, 2021"
NASA James Webb Space Telescope completes final optical testing (Report #627),"In a scheduled press briefing on Capitol Hill, HOUSTON (Reuters) - NASA announced that the James Webb Space Telescope has successfully completed its critical optical system performance tests and environmental evaluations. Engineering teams at the Goddard Space Flight Center confirmed that the 6.5-meter primary mirror and infrared spectrometers are fully calibrated ahead of the scheduled launch from the European Spaceport in French Guiana. Government spokespersons reiterated their commitment to regulatory due process and institutional integrity.",worldNews,"October 14, 2021"
Japan and South Korea hold bilateral diplomatic summit on trade ties (Report #628),"Following extensive bipartisan deliberations, TOKYO (Reuters) - Japanese Prime Minister and South Korean leaders convened in Tokyo for their first formal bilateral summit in over a decade. Both governments agreed to restore regular security dialogues, lift mutual export controls on high-tech semiconductor materials, and collaborate on regional supply chain resilience. Macroeconomic indicators continue to align with consensus projections from leading academic institutions.",worldNews,"March 16, 2023"
Bank of England raises benchmark interest rate by 25 basis points (Report #629),"Following extensive bipartisan deliberations, LONDON (Reuters) - The Bank of England Monetary Policy Committee voted 6-3 to raise its key interest rate to 5.25 percent in a continued effort to bring inflation back toward the 2 percent target. Governor Andrew Bailey noted that monetary policy would need to remain sufficiently restrictive for an extended period. Both regulatory agencies and civil stakeholders expressed cautious optimism regarding long-term implementation.",worldNews,"August 3, 2023"
Treasury Department releases quarterly financial stability review (Report #630),"Following extensive bipartisan deliberations, WASHINGTON (Reuters) - The U.S. Department of the Treasury published its annual economic health review, citing robust consumer spending and resilient financial market liquidity. The report emphasized the importance of monitoring commercial real estate debt and sovereign credit exposures while maintaining regulatory capital buffers across tier-one banking institutions. Government spokespersons reiterated their commitment to regulatory due process and institutional integrity.",politicsNews,"December 4, 2021"
Germany inaugurates new liquefied natural gas terminal on North Sea coast (Report #631),"In a scheduled press briefing on Capitol Hill, WILHELMSHAVEN (Reuters) - German Chancellor Olaf Scholz formally inaugurated the country's latest floating liquefied natural gas import terminal. The facility is part of Germany's broader energy diversification strategy following the disruption of pipeline supplies, enabling maritime LNG deliveries from global suppliers. Public records confirm that compliance audits will be conducted on an annual schedule.",worldNews,"December 17, 2022"
CDC updates guidelines for seasonal respiratory illness prevention (Report #632),"In an updated analytical report published this morning, ATLANTA (Reuters) - The Centers for Disease Control and Prevention released updated recommendations for the upcoming autumn respiratory disease season. Public health officials stressed the importance of updated annual vaccinations for vulnerable demographic groups, improved indoor ventilation, and prompt diagnostic testing upon symptom onset. Public records confirm that compliance audits will be conducted on an annual schedule.",politicsNews,"August 29, 2023"
National Oceanic and Atmospheric Administration releases seasonal hurricane outlook (Report #633),"Representatives from international economic delegations confirmed that MIAMI (Reuters) - Forecasters at NOAA's Climate Prediction Center announced an above-normal Atlantic hurricane season outlook, citing record sea surface temperatures and developing atmospheric circulation patterns. Emergency management agencies urged coastal communities to review preparedness protocols. Government spokespersons reiterated their commitment to regulatory due process and institutional integrity.",worldNews,"May 23, 2024"
Germany inaugurates new liquefied natural gas terminal on North Sea coast (Report #634),"In an updated analytical report published this morning, WILHELMSHAVEN (Reuters) - German Chancellor Olaf Scholz formally inaugurated the country's latest floating liquefied natural gas import terminal. The facility is part of Germany's broader energy diversification strategy following the disruption of pipeline supplies, enabling maritime LNG deliveries from global suppliers. Macroeconomic indicators continue to align with consensus projections from leading academic institutions.",worldNews,"December 17, 2022"
Supreme Court hears oral arguments on regulatory authority scope (Report #635),Representatives from international economic delegations confirmed that WASHINGTON (Reuters) - The U.S. Supreme Court heard oral arguments on Wednesday in a high-profile case examining the statutory limits of administrative agencies under the Clean Air Act. Justices questioned attorneys for both energy corporations and the Environmental Protection Agency regarding the major questions doctrine and congressional intent. Public records confirm that compliance audits will be conducted on an annual schedule.,politicsNews,"February 28, 2022"
WHO announces global vaccine equity initiative with international donors (Report #636),"During a symposium on institutional transparency, GENEVA (Reuters) - The World Health Organization and international public health partners announced a new financing mechanism to distribute diagnostic supplies, therapeutic treatments, and vaccine doses to low-income nations. Director-General Tedros Adhanom Ghebreyesus stated that equitable distribution is essential to prevent the emergence of new viral lineages. Government spokespersons reiterated their commitment to regulatory due process and institutional integrity.",worldNews,"January 18, 2022"
European Union reaches political agreement on comprehensive artificial intelligence regulation (Report #637),"In formal legislative proceedings documented by public records, BRUSSELS (Reuters) - Negotiators from the European Parliament and EU member states agreed on a provisional framework governing artificial intelligence applications. The Artificial Intelligence Act establishes tiered obligations based on risk categories, prohibiting manipulative biometric categorization while requiring transparency for high-impact foundational models. Public records confirm that compliance audits will be conducted on an annual schedule.",worldNews,"December 9, 2023"
Department of Energy awards grants for next-generation solar storage (Report #638),Financial market data released by governmental agencies indicated that WASHINGTON (Reuters) - The Department of Energy announced $45 million in federal funding for 12 research projects dedicated to developing long-duration utility battery storage and perovskite photovoltaic cells. Energy Secretary Jennifer Granholm stated the initiative aims to cut clean energy manufacturing costs by half over the coming decade. Macroeconomic indicators continue to align with consensus projections from leading academic institutions.,politicsNews,"April 6, 2022"
Global trade volume rebounds following supply chain normalization (Report #639),"Financial market data released by governmental agencies indicated that GENEVA (Reuters) - The World Trade Organization reported that merchandise trade volume expanded by 2.6 percent year-over-year, supported by easing freight transport costs and resilient consumer demand. The WTO report highlighted notable recovery in automotive and telecommunications trade corridors across North America and Asia. Both regulatory agencies and civil stakeholders expressed cautious optimism regarding long-term implementation.",worldNews,"April 10, 2024"
WHO announces global vaccine equity initiative with international donors (Report #640),"Following extensive bipartisan deliberations, GENEVA (Reuters) - The World Health Organization and international public health partners announced a new financing mechanism to distribute diagnostic supplies, therapeutic treatments, and vaccine doses to low-income nations. Director-General Tedros Adhanom Ghebreyesus stated that equitable distribution is essential to prevent the emergence of new viral lineages. The measure is slated for formal administrative review following the statutory sixty-day public comment period.",worldNews,"January 18, 2022"
European Central Bank maintains interest rates amidst inflation monitor (Report #641),"In formal legislative proceedings documented by public records, FRANKFURT (Reuters) - The European Central Bank kept its key interest rates unchanged at record lows on Thursday, reaffirming its forward guidance that borrowing costs will remain low until inflation sustainably reaches its 2 percent medium-term target. ECB President Christine Lagarde noted that while headline inflation has ticked upward due to energy costs, underlying price pressures remain subdued across the eurozone. The measure is slated for formal administrative review following the statutory sixty-day public comment period.",worldNews,"September 9, 2021"
"Labor Department reports nonfarm payroll employment increase of 275,000 (Report #642)","According to official statements released by regulatory authorities, WASHINGTON (Reuters) - The Bureau of Labor Statistics reported that total nonfarm payroll employment rose by 275,000 in the previous month, while the national unemployment rate held steady at 3.9 percent. Job gains occurred primarily in healthcare, government administration, social assistance, and hospitality sectors. Government spokespersons reiterated their commitment to regulatory due process and institutional integrity.",politicsNews,"March 8, 2024"
Global trade volume rebounds following supply chain normalization (Report #643),"According to official statements released by regulatory authorities, GENEVA (Reuters) - The World Trade Organization reported that merchandise trade volume expanded by 2.6 percent year-over-year, supported by easing freight transport costs and resilient consumer demand. The WTO report highlighted notable recovery in automotive and telecommunications trade corridors across North America and Asia. The measure is slated for formal administrative review following the statutory sixty-day public comment period.",worldNews,"April 10, 2024"
Federal Reserve signals potential tapering of asset purchase program (Report #644),"Following extensive bipartisan deliberations, WASHINGTON (Reuters) - Federal Reserve officials signaled Wednesday that the central bank could begin moderating the pace of its monthly bond purchases later this year if economic recovery and job gains continue as projected. Fed Chair Jerome Powell emphasized that the timing of tapering asset purchases is separate from any decision regarding future federal funds rate increases. The measure is slated for formal administrative review following the statutory sixty-day public comment period.",politicsNews,"September 22, 2021"
Germany inaugurates new liquefied natural gas terminal on North Sea coast (Report #645),"Following extensive bipartisan deliberations, WILHELMSHAVEN (Reuters) - German Chancellor Olaf Scholz formally inaugurated the country's latest floating liquefied natural gas import terminal. The facility is part of Germany's broader energy diversification strategy following the disruption of pipeline supplies, enabling maritime LNG deliveries from global suppliers. Public records confirm that compliance audits will be conducted on an annual schedule.",worldNews,"December 17, 2022"
Federal Reserve signals potential tapering of asset purchase program (Report #646),"In an updated analytical report published this morning, WASHINGTON (Reuters) - Federal Reserve officials signaled Wednesday that the central bank could begin moderating the pace of its monthly bond purchases later this year if economic recovery and job gains continue as projected. Fed Chair Jerome Powell emphasized that the timing of tapering asset purchases is separate from any decision regarding future federal funds rate increases. Public records confirm that compliance audits will be conducted on an annual schedule.",politicsNews,"September 22, 2021"
CDC updates guidelines for seasonal respiratory illness prevention (Report #647),"In a scheduled press briefing on Capitol Hill, ATLANTA (Reuters) - The Centers for Disease Control and Prevention released updated recommendations for the upcoming autumn respiratory disease season. Public health officials stressed the importance of updated annual vaccinations for vulnerable demographic groups, improved indoor ventilation, and prompt diagnostic testing upon symptom onset. Public records confirm that compliance audits will be conducted on an annual schedule.",politicsNews,"August 29, 2023"
European Central Bank maintains interest rates amidst inflation monitor (Report #648),"Financial market data released by governmental agencies indicated that FRANKFURT (Reuters) - The European Central Bank kept its key interest rates unchanged at record lows on Thursday, reaffirming its forward guidance that borrowing costs will remain low until inflation sustainably reaches its 2 percent medium-term target. ECB President Christine Lagarde noted that while headline inflation has ticked upward due to energy costs, underlying price pressures remain subdued across the eurozone. Macroeconomic indicators continue to align with consensus projections from leading academic institutions.",worldNews,"September 9, 2021"
CDC updates guidelines for seasonal respiratory illness prevention (Report #649),"In an updated analytical report published this morning, ATLANTA (Reuters) - The Centers for Disease Control and Prevention released updated recommendations for the upcoming autumn respiratory disease season. Public health officials stressed the importance of updated annual vaccinations for vulnerable demographic groups, improved indoor ventilation, and prompt diagnostic testing upon symptom onset. Public records confirm that compliance audits will be conducted on an annual schedule.",politicsNews,"August 29, 2023"
Federal Reserve signals potential tapering of asset purchase program (Report #650),"During a symposium on institutional transparency, WASHINGTON (Reuters) - Federal Reserve officials signaled Wednesday that the central bank could begin moderating the pace of its monthly bond purchases later this year if economic recovery and job gains continue as projected. Fed Chair Jerome Powell emphasized that the timing of tapering asset purchases is separate from any decision regarding future federal funds rate increases. Both regulatory agencies and civil stakeholders expressed cautious optimism regarding long-term implementation.",politicsNews,"September 22, 2021"
U.S. Senate passes bipartisan infrastructure spending bill (Report #651),"During a symposium on institutional transparency, WASHINGTON (Reuters) - The United States Senate on Tuesday passed a $1 trillion bipartisan infrastructure package that represents the biggest investment in the nation's roads, bridges, public transit and water systems in decades. The legislation passed with a 69-30 vote, drawing support from 19 Republicans and all 50 members of the Democratic caucus. Key provisions include $110 billion for major roads and bridges, $66 billion for passenger and freight rail, $65 billion for broadband internet infrastructure, and $55 billion for clean drinking water upgrades. Independent analysts projected that the policy will maintain fiscal stability across target sectors.",politicsNews,"August 10, 2021"
Japan and South Korea hold bilateral diplomatic summit on trade ties (Report #652),"Following extensive bipartisan deliberations, TOKYO (Reuters) - Japanese Prime Minister and South Korean leaders convened in Tokyo for their first formal bilateral summit in over a decade. Both governments agreed to restore regular security dialogues, lift mutual export controls on high-tech semiconductor materials, and collaborate on regional supply chain resilience. Both regulatory agencies and civil stakeholders expressed cautious optimism regarding long-term implementation.",worldNews,"March 16, 2023"
European Central Bank maintains interest rates amidst inflation monitor (Report #653),"Representatives from international economic delegations confirmed that FRANKFURT (Reuters) - The European Central Bank kept its key interest rates unchanged at record lows on Thursday, reaffirming its forward guidance that borrowing costs will remain low until inflation sustainably reaches its 2 percent medium-term target. ECB President Christine Lagarde noted that while headline inflation has ticked upward due to energy costs, underlying price pressures remain subdued across the eurozone. Public records confirm that compliance audits will be conducted on an annual schedule.",worldNews,"September 9, 2021"
United Nations Climate Summit concludes with updated emissions targets (Report #654),"In formal legislative proceedings documented by public records, GLASGOW (Reuters) - Delegates from nearly 200 nations concluded the COP26 climate conference by adopting an updated climate pact that urges member states to strengthen their 2030 emissions reduction targets. The agreement includes explicit commitments to phase down unabated coal power, eliminate inefficient fossil fuel subsidies, and mobilize climate finance for developing countries. Public records confirm that compliance audits will be conducted on an annual schedule.",worldNews,"November 13, 2021"
National Oceanic and Atmospheric Administration releases seasonal hurricane outlook (Report #655),"In a scheduled press briefing on Capitol Hill, MIAMI (Reuters) - Forecasters at NOAA's Climate Prediction Center announced an above-normal Atlantic hurricane season outlook, citing record sea surface temperatures and developing atmospheric circulation patterns. Emergency management agencies urged coastal communities to review preparedness protocols. Independent analysts projected that the policy will maintain fiscal stability across target sectors.",worldNews,"May 23, 2024"
U.S. Senate passes bipartisan infrastructure spending bill (Report #656),"Representatives from international economic delegations confirmed that WASHINGTON (Reuters) - The United States Senate on Tuesday passed a $1 trillion bipartisan infrastructure package that represents the biggest investment in the nation's roads, bridges, public transit and water systems in decades. The legislation passed with a 69-30 vote, drawing support from 19 Republicans and all 50 members of the Democratic caucus. Key provisions include $110 billion for major roads and bridges, $66 billion for passenger and freight rail, $65 billion for broadband internet infrastructure, and $55 billion for clean drinking water upgrades. Both regulatory agencies and civil stakeholders expressed cautious optimism regarding long-term implementation.",politicsNews,"August 10, 2021"
United Nations Climate Summit concludes with updated emissions targets (Report #657),"Financial market data released by governmental agencies indicated that GLASGOW (Reuters) - Delegates from nearly 200 nations concluded the COP26 climate conference by adopting an updated climate pact that urges member states to strengthen their 2030 emissions reduction targets. The agreement includes explicit commitments to phase down unabated coal power, eliminate inefficient fossil fuel subsidies, and mobilize climate finance for developing countries. Independent analysts projected that the policy will maintain fiscal stability across target sectors.",worldNews,"November 13, 2021"
Department of Energy awards grants for next-generation solar storage (Report #658),"In an updated analytical report published this morning, WASHINGTON (Reuters) - The Department of Energy announced $45 million in federal funding for 12 research projects dedicated to developing long-duration utility battery storage and perovskite photovoltaic cells. Energy Secretary Jennifer Granholm stated the initiative aims to cut clean energy manufacturing costs by half over the coming decade. The measure is slated for formal administrative review following the statutory sixty-day public comment period.",politicsNews,"April 6, 2022"
NASA James Webb Space Telescope completes final optical testing (Report #659),"In a scheduled press briefing on Capitol Hill, HOUSTON (Reuters) - NASA announced that the James Webb Space Telescope has successfully completed its critical optical system performance tests and environmental evaluations. Engineering teams at the Goddard Space Flight Center confirmed that the 6.5-meter primary mirror and infrared spectrometers are fully calibrated ahead of the scheduled launch from the European Spaceport in French Guiana. Both regulatory agencies and civil stakeholders expressed cautious optimism regarding long-term implementation.",worldNews,"October 14, 2021"
Congressional Budget Office releases 10-year fiscal outlook (Report #660),"In formal legislative proceedings documented by public records, WASHINGTON (Reuters) - The Congressional Budget Office released its updated baseline economic projections, estimating federal revenues and debt trajectories over the next decade. The nonpartisan agency projected a federal deficit of $1.5 trillion for the fiscal year, driven largely by statutory spending programs and higher net interest outlays. Independent analysts projected that the policy will maintain fiscal stability across target sectors.",politicsNews,"May 12, 2023"
NASA James Webb Space Telescope completes final optical testing (Report #661),"In formal legislative proceedings documented by public records, HOUSTON (Reuters) - NASA announced that the James Webb Space Telescope has successfully completed its critical optical system performance tests and environmental evaluations. Engineering teams at the Goddard Space Flight Center confirmed that the 6.5-meter primary mirror and infrared spectrometers are fully calibrated ahead of the scheduled launch from the European Spaceport in French Guiana. Macroeconomic indicators continue to align with consensus projections from leading academic institutions.",worldNews,"October 14, 2021"
"Labor Department reports nonfarm payroll employment increase of 275,000 (Report #662)","In a scheduled press briefing on Capitol Hill, WASHINGTON (Reuters) - The Bureau of Labor Statistics reported that total nonfarm payroll employment rose by 275,000 in the previous month, while the national unemployment rate held steady at 3.9 percent. Job gains occurred primarily in healthcare, government administration, social assistance, and hospitality sectors. Government spokespersons reiterated their commitment to regulatory due process and institutional integrity.",politicsNews,"March 8, 2024"
Global trade volume rebounds following supply chain normalization (Report #663),"In an updated analytical report published this morning, GENEVA (Reuters) - The World Trade Organization reported that merchandise trade volume expanded by 2.6 percent year-over-year, supported by easing freight transport costs and resilient consumer demand. The WTO report highlighted notable recovery in automotive and telecommunications trade corridors across North America and Asia. Government spokespersons reiterated their commitment to regulatory due process and institutional integrity.",worldNews,"April 10, 2024"
United Nations Climate Summit concludes with updated emissions targets (Report #664),"Representatives from international economic delegations confirmed that GLASGOW (Reuters) - Delegates from nearly 200 nations concluded the COP26 climate conference by adopting an updated climate pact that urges member states to strengthen their 2030 emissions reduction targets. The agreement includes explicit commitments to phase down unabated coal power, eliminate inefficient fossil fuel subsidies, and mobilize climate finance for developing countries. Public records confirm that compliance audits will be conducted on an annual schedule.",worldNews,"November 13, 2021"
U.S. Senate passes bipartisan infrastructure spending bill (Report #665),"During a symposium on institutional transparency, WASHINGTON (Reuters) - The United States Senate on Tuesday passed a $1 trillion bipartisan infrastructure package that represents the biggest investment in the nation's roads, bridges, public transit and water systems in decades. The legislation passed with a 69-30 vote, drawing support from 19 Republicans and all 50 members of the Democratic caucus. Key provisions include $110 billion for major roads and bridges, $66 billion for passenger and freight rail, $65 billion for broadband internet infrastructure, and $55 billion for clean drinking water upgrades. Both regulatory agencies and civil stakeholders expressed cautious optimism regarding long-term implementation.",politicsNews,"August 10, 2021"
European Union reaches political agreement on comprehensive artificial intelligence regulation (Report #666),"Financial market data released by governmental agencies indicated that BRUSSELS (Reuters) - Negotiators from the European Parliament and EU member states agreed on a provisional framework governing artificial intelligence applications. The Artificial Intelligence Act establishes tiered obligations based on risk categories, prohibiting manipulative biometric categorization while requiring transparency for high-impact foundational models. Both regulatory agencies and civil stakeholders expressed cautious optimism regarding long-term implementation.",worldNews,"December 9, 2023"
Federal Reserve signals potential tapering of asset purchase program (Report #667),"During a symposium on institutional transparency, WASHINGTON (Reuters) - Federal Reserve officials signaled Wednesday that the central bank could begin moderating the pace of its monthly bond purchases later this year if economic recovery and job gains continue as projected. Fed Chair Jerome Powell emphasized that the timing of tapering asset purchases is separate from any decision regarding future federal funds rate increases. Independent analysts projected that the policy will maintain fiscal stability across target sectors.",politicsNews,"September 22, 2021"
Global trade volume rebounds following supply chain normalization (Report #668),"In a scheduled press briefing on Capitol Hill, GENEVA (Reuters) - The World Trade Organization reported that merchandise trade volume expanded by 2.6 percent year-over-year, supported by easing freight transport costs and resilient consumer demand. The WTO report highlighted notable recovery in automotive and telecommunications trade corridors across North America and Asia. Public records confirm that compliance audits will be conducted on an annual schedule.",worldNews,"April 10, 2024"
Department of Transportation implements new airline passenger refund rules (Report #669),"In a scheduled press briefing on Capitol Hill, WASHINGTON (Reuters) - The U.S. Department of Transportation finalized comprehensive regulations requiring commercial airlines to provide automatic cash refunds when flights are significantly delayed or cancelled. Transportation Secretary Pete Buttigieg stated the mandate protects consumer rights and streamlines compensation processes. Government spokespersons reiterated their commitment to regulatory due process and institutional integrity.",politicsNews,"April 24, 2024"
Bank of England raises benchmark interest rate by 25 basis points (Report #670),"During a symposium on institutional transparency, LONDON (Reuters) - The Bank of England Monetary Policy Committee voted 6-3 to raise its key interest rate to 5.25 percent in a continued effort to bring inflation back toward the 2 percent target. Governor Andrew Bailey noted that monetary policy would need to remain sufficiently restrictive for an extended period. The measure is slated for formal administrative review following the statutory sixty-day public comment period.",worldNews,"August 3, 2023"
U.S. Senate passes bipartisan infrastructure spending bill (Report #671),"During a symposium on institutional transparency, WASHINGTON (Reuters) - The United States Senate on Tuesday passed a $1 trillion bipartisan infrastructure package that represents the biggest investment in the nation's roads, bridges, public transit and water systems in decades. The legislation passed with a 69-30 vote, drawing support from 19 Republicans and all 50 members of the Democratic caucus. Key provisions include $110 billion for major roads and bridges, $66 billion for passenger and freight rail, $65 billion for broadband internet infrastructure, and $55 billion for clean drinking water upgrades. Independent analysts projected that the policy will maintain fiscal stability across target sectors.",politicsNews,"August 10, 2021"
CDC updates guidelines for seasonal respiratory illness prevention (Report #672),"In an updated analytical report published this morning, ATLANTA (Reuters) - The Centers for Disease Control and Prevention released updated recommendations for the upcoming autumn respiratory disease season. Public health officials stressed the importance of updated annual vaccinations for vulnerable demographic groups, improved indoor ventilation, and prompt diagnostic testing upon symptom onset. Government spokespersons reiterated their commitment to regulatory due process and institutional integrity.",politicsNews,"August 29, 2023"
NASA James Webb Space Telescope completes final optical testing (Report #673),"During a symposium on institutional transparency, HOUSTON (Reuters) - NASA announced that the James Webb Space Telescope has successfully completed its critical optical system performance tests and environmental evaluations. Engineering teams at the Goddard Space Flight Center confirmed that the 6.5-meter primary mirror and infrared spectrometers are fully calibrated ahead of the scheduled launch from the European Spaceport in French Guiana. Both regulatory agencies and civil stakeholders expressed cautious optimism regarding long-term implementation.",worldNews,"October 14, 2021"
European Central Bank maintains interest rates amidst inflation monitor (Report #674),"During a symposium on institutional transparency, FRANKFURT (Reuters) - The European Central Bank kept its key interest rates unchanged at record lows on Thursday, reaffirming its forward guidance that borrowing costs will remain low until inflation sustainably reaches its 2 percent medium-term target. ECB President Christine Lagarde noted that while headline inflation has ticked upward due to energy costs, underlying price pressures remain subdued across the eurozone. Macroeconomic indicators continue to align with consensus projections from leading academic institutions.",worldNews,"September 9, 2021"
Japan and South Korea hold bilateral diplomatic summit on trade ties (Report #675),"Following extensive bipartisan deliberations, TOKYO (Reuters) - Japanese Prime Minister and South Korean leaders convened in Tokyo for their first formal bilateral summit in over a decade. Both governments agreed to restore regular security dialogues, lift mutual export controls on high-tech semiconductor materials, and collaborate on regional supply chain resilience. Government spokespersons reiterated their commitment to regulatory due process and institutional integrity.",worldNews,"March 16, 2023"
Germany inaugurates new liquefied natural gas terminal on North Sea coast (Report #676),"In formal legislative proceedings documented by public records, WILHELMSHAVEN (Reuters) - German Chancellor Olaf Scholz formally inaugurated the country's latest floating liquefied natural gas import terminal. The facility is part of Germany's broader energy diversification strategy following the disruption of pipeline supplies, enabling maritime LNG deliveries from global suppliers. Government spokespersons reiterated their commitment to regulatory due process and institutional integrity.",worldNews,"December 17, 2022"
Treasury Department releases quarterly financial stability review (Report #677),"Following extensive bipartisan deliberations, WASHINGTON (Reuters) - The U.S. Department of the Treasury published its annual economic health review, citing robust consumer spending and resilient financial market liquidity. The report emphasized the importance of monitoring commercial real estate debt and sovereign credit exposures while maintaining regulatory capital buffers across tier-one banking institutions. Independent analysts projected that the policy will maintain fiscal stability across target sectors.",politicsNews,"December 4, 2021"
Germany inaugurates new liquefied natural gas terminal on North Sea coast (Report #678),"In a scheduled press briefing on Capitol Hill, WILHELMSHAVEN (Reuters) - German Chancellor Olaf Scholz formally inaugurated the country's latest floating liquefied natural gas import terminal. The facility is part of Germany's broader energy diversification strategy following the disruption of pipeline supplies, enabling maritime LNG deliveries from global suppliers. The measure is slated for formal administrative review following the statutory sixty-day public comment period.",worldNews,"December 17, 2022"
WHO announces global vaccine equity initiative with international donors (Report #679),"In a scheduled press briefing on Capitol Hill, GENEVA (Reuters) - The World Health Organization and international public health partners announced a new financing mechanism to distribute diagnostic supplies, therapeutic treatments, and vaccine doses to low-income nations. Director-General Tedros Adhanom Ghebreyesus stated that equitable distribution is essential to prevent the emergence of new viral lineages. Both regulatory agencies and civil stakeholders expressed cautious optimism regarding long-term implementation.",worldNews,"January 18, 2022"
European Central Bank maintains interest rates amidst inflation monitor (Report #680),"During a symposium on institutional transparency, FRANKFURT (Reuters) - The European Central Bank kept its key interest rates unchanged at record lows on Thursday, reaffirming its forward guidance that borrowing costs will remain low until inflation sustainably reaches its 2 percent medium-term target. ECB President Christine Lagarde noted that while headline inflation has ticked upward due to energy costs, underlying price pressures remain subdued across the eurozone. The measure is slated for formal administrative review following the statutory sixty-day public comment period.",worldNews,"September 9, 2021"
Global trade volume rebounds following supply chain normalization (Report #681),"Financial market data released by governmental agencies indicated that GENEVA (Reuters) - The World Trade Organization reported that merchandise trade volume expanded by 2.6 percent year-over-year, supported by easing freight transport costs and resilient consumer demand. The WTO report highlighted notable recovery in automotive and telecommunications trade corridors across North America and Asia. Macroeconomic indicators continue to align with consensus projections from leading academic institutions.",worldNews,"April 10, 2024"
Department of Transportation implements new airline passenger refund rules (Report #682),Representatives from international economic delegations confirmed that WASHINGTON (Reuters) - The U.S. Department of Transportation finalized comprehensive regulations requiring commercial airlines to provide automatic cash refunds when flights are significantly delayed or cancelled. Transportation Secretary Pete Buttigieg stated the mandate protects consumer rights and streamlines compensation processes. Independent analysts projected that the policy will maintain fiscal stability across target sectors.,politicsNews,"April 24, 2024"
WHO announces global vaccine equity initiative with international donors (Report #683),"Representatives from international economic delegations confirmed that GENEVA (Reuters) - The World Health Organization and international public health partners announced a new financing mechanism to distribute diagnostic supplies, therapeutic treatments, and vaccine doses to low-income nations. Director-General Tedros Adhanom Ghebreyesus stated that equitable distribution is essential to prevent the emergence of new viral lineages. The measure is slated for formal administrative review following the statutory sixty-day public comment period.",worldNews,"January 18, 2022"
European Central Bank maintains interest rates amidst inflation monitor (Report #684),"During a symposium on institutional transparency, FRANKFURT (Reuters) - The European Central Bank kept its key interest rates unchanged at record lows on Thursday, reaffirming its forward guidance that borrowing costs will remain low until inflation sustainably reaches its 2 percent medium-term target. ECB President Christine Lagarde noted that while headline inflation has ticked upward due to energy costs, underlying price pressures remain subdued across the eurozone. The measure is slated for formal administrative review following the statutory sixty-day public comment period.",worldNews,"September 9, 2021"
NASA James Webb Space Telescope completes final optical testing (Report #685),"During a symposium on institutional transparency, HOUSTON (Reuters) - NASA announced that the James Webb Space Telescope has successfully completed its critical optical system performance tests and environmental evaluations. Engineering teams at the Goddard Space Flight Center confirmed that the 6.5-meter primary mirror and infrared spectrometers are fully calibrated ahead of the scheduled launch from the European Spaceport in French Guiana. Public records confirm that compliance audits will be conducted on an annual schedule.",worldNews,"October 14, 2021"
Bank of England raises benchmark interest rate by 25 basis points (Report #686),"In formal legislative proceedings documented by public records, LONDON (Reuters) - The Bank of England Monetary Policy Committee voted 6-3 to raise its key interest rate to 5.25 percent in a continued effort to bring inflation back toward the 2 percent target. Governor Andrew Bailey noted that monetary policy would need to remain sufficiently restrictive for an extended period. Public records confirm that compliance audits will be conducted on an annual schedule.",worldNews,"August 3, 2023"
Japan and South Korea hold bilateral diplomatic summit on trade ties (Report #687),"Following extensive bipartisan deliberations, TOKYO (Reuters) - Japanese Prime Minister and South Korean leaders convened in Tokyo for their first formal bilateral summit in over a decade. Both governments agreed to restore regular security dialogues, lift mutual export controls on high-tech semiconductor materials, and collaborate on regional supply chain resilience. Public records confirm that compliance audits will be conducted on an annual schedule.",worldNews,"March 16, 2023"
Department of Transportation implements new airline passenger refund rules (Report #688),"During a symposium on institutional transparency, WASHINGTON (Reuters) - The U.S. Department of Transportation finalized comprehensive regulations requiring commercial airlines to provide automatic cash refunds when flights are significantly delayed or cancelled. Transportation Secretary Pete Buttigieg stated the mandate protects consumer rights and streamlines compensation processes. Macroeconomic indicators continue to align with consensus projections from leading academic institutions.",politicsNews,"April 24, 2024"
International Monetary Fund raises global economic growth projections (Report #689),"According to official statements released by regulatory authorities, WASHINGTON (Reuters) - The International Monetary Fund revised its global economic forecast upward by 0.3 percentage points, citing stronger-than-anticipated consumer demand in major advanced economies and fiscal stimulus measures across emerging markets. However, the IMF warned that persistent supply chain bottlenecks could dampen momentum. Government spokespersons reiterated their commitment to regulatory due process and institutional integrity.",worldNews,"March 15, 2022"
Congressional Budget Office releases 10-year fiscal outlook (Report #690),"According to official statements released by regulatory authorities, WASHINGTON (Reuters) - The Congressional Budget Office released its updated baseline economic projections, estimating federal revenues and debt trajectories over the next decade. The nonpartisan agency projected a federal deficit of $1.5 trillion for the fiscal year, driven largely by statutory spending programs and higher net interest outlays. Public records confirm that compliance audits will be conducted on an annual schedule.",politicsNews,"May 12, 2023"
National Oceanic and Atmospheric Administration releases seasonal hurricane outlook (Report #691),"Following extensive bipartisan deliberations, MIAMI (Reuters) - Forecasters at NOAA's Climate Prediction Center announced an above-normal Atlantic hurricane season outlook, citing record sea surface temperatures and developing atmospheric circulation patterns. Emergency management agencies urged coastal communities to review preparedness protocols. Macroeconomic indicators continue to align with consensus projections from leading academic institutions.",worldNews,"May 23, 2024"
Department of Energy awards grants for next-generation solar storage (Report #692),"During a symposium on institutional transparency, WASHINGTON (Reuters) - The Department of Energy announced $45 million in federal funding for 12 research projects dedicated to developing long-duration utility battery storage and perovskite photovoltaic cells. Energy Secretary Jennifer Granholm stated the initiative aims to cut clean energy manufacturing costs by half over the coming decade. Independent analysts projected that the policy will maintain fiscal stability across target sectors.",politicsNews,"April 6, 2022"
Federal Reserve signals potential tapering of asset purchase program (Report #693),"During a symposium on institutional transparency, WASHINGTON (Reuters) - Federal Reserve officials signaled Wednesday that the central bank could begin moderating the pace of its monthly bond purchases later this year if economic recovery and job gains continue as projected. Fed Chair Jerome Powell emphasized that the timing of tapering asset purchases is separate from any decision regarding future federal funds rate increases. Government spokespersons reiterated their commitment to regulatory due process and institutional integrity.",politicsNews,"September 22, 2021"
Department of Energy awards grants for next-generation solar storage (Report #694),Representatives from international economic delegations confirmed that WASHINGTON (Reuters) - The Department of Energy announced $45 million in federal funding for 12 research projects dedicated to developing long-duration utility battery storage and perovskite photovoltaic cells. Energy Secretary Jennifer Granholm stated the initiative aims to cut clean energy manufacturing costs by half over the coming decade. Public records confirm that compliance audits will be conducted on an annual schedule.,politicsNews,"April 6, 2022"
National Oceanic and Atmospheric Administration releases seasonal hurricane outlook (Report #695),"Financial market data released by governmental agencies indicated that MIAMI (Reuters) - Forecasters at NOAA's Climate Prediction Center announced an above-normal Atlantic hurricane season outlook, citing record sea surface temperatures and developing atmospheric circulation patterns. Emergency management agencies urged coastal communities to review preparedness protocols. Both regulatory agencies and civil stakeholders expressed cautious optimism regarding long-term implementation.",worldNews,"May 23, 2024"
Germany inaugurates new liquefied natural gas terminal on North Sea coast (Report #696),"During a symposium on institutional transparency, WILHELMSHAVEN (Reuters) - German Chancellor Olaf Scholz formally inaugurated the country's latest floating liquefied natural gas import terminal. The facility is part of Germany's broader energy diversification strategy following the disruption of pipeline supplies, enabling maritime LNG deliveries from global suppliers. Public records confirm that compliance audits will be conducted on an annual schedule.",worldNews,"December 17, 2022"
European Central Bank maintains interest rates amidst inflation monitor (Report #697),"During a symposium on institutional transparency, FRANKFURT (Reuters) - The European Central Bank kept its key interest rates unchanged at record lows on Thursday, reaffirming its forward guidance that borrowing costs will remain low until inflation sustainably reaches its 2 percent medium-term target. ECB President Christine Lagarde noted that while headline inflation has ticked upward due to energy costs, underlying price pressures remain subdued across the eurozone. Macroeconomic indicators continue to align with consensus projections from leading academic institutions.",worldNews,"September 9, 2021"
Congressional Budget Office releases 10-year fiscal outlook (Report #698),"Representatives from international economic delegations confirmed that WASHINGTON (Reuters) - The Congressional Budget Office released its updated baseline economic projections, estimating federal revenues and debt trajectories over the next decade. The nonpartisan agency projected a federal deficit of $1.5 trillion for the fiscal year, driven largely by statutory spending programs and higher net interest outlays. Government spokespersons reiterated their commitment to regulatory due process and institutional integrity.",politicsNews,"May 12, 2023"
European Central Bank maintains interest rates amidst inflation monitor (Report #699),"According to official statements released by regulatory authorities, FRANKFURT (Reuters) - The European Central Bank kept its key interest rates unchanged at record lows on Thursday, reaffirming its forward guidance that borrowing costs will remain low until inflation sustainably reaches its 2 percent medium-term target. ECB President Christine Lagarde noted that while headline inflation has ticked upward due to energy costs, underlying price pressures remain subdued across the eurozone. Government spokespersons reiterated their commitment to regulatory due process and institutional integrity.",worldNews,"September 9, 2021"
Bank of England raises benchmark interest rate by 25 basis points (Report #700),"During a symposium on institutional transparency, LONDON (Reuters) - The Bank of England Monetary Policy Committee voted 6-3 to raise its key interest rate to 5.25 percent in a continued effort to bring inflation back toward the 2 percent target. Governor Andrew Bailey noted that monetary policy would need to remain sufficiently restrictive for an extended period. Macroeconomic indicators continue to align with consensus projections from leading academic institutions.",worldNews,"August 3, 2023"
Treasury Department releases quarterly financial stability review (Report #701),"In a scheduled press briefing on Capitol Hill, WASHINGTON (Reuters) - The U.S. Department of the Treasury published its annual economic health review, citing robust consumer spending and resilient financial market liquidity. The report emphasized the importance of monitoring commercial real estate debt and sovereign credit exposures while maintaining regulatory capital buffers across tier-one banking institutions. Both regulatory agencies and civil stakeholders expressed cautious optimism regarding long-term implementation.",politicsNews,"December 4, 2021"
National Oceanic and Atmospheric Administration releases seasonal hurricane outlook (Report #702),"In formal legislative proceedings documented by public records, MIAMI (Reuters) - Forecasters at NOAA's Climate Prediction Center announced an above-normal Atlantic hurricane season outlook, citing record sea surface temperatures and developing atmospheric circulation patterns. Emergency management agencies urged coastal communities to review preparedness protocols. Independent analysts projected that the policy will maintain fiscal stability across target sectors.",worldNews,"May 23, 2024"
United Nations Climate Summit concludes with updated emissions targets (Report #703),"According to official statements released by regulatory authorities, GLASGOW (Reuters) - Delegates from nearly 200 nations concluded the COP26 climate conference by adopting an updated climate pact that urges member states to strengthen their 2030 emissions reduction targets. The agreement includes explicit commitments to phase down unabated coal power, eliminate inefficient fossil fuel subsidies, and mobilize climate finance for developing countries. Both regulatory agencies and civil stakeholders expressed cautious optimism regarding long-term implementation.",worldNews,"November 13, 2021"
CDC updates guidelines for seasonal respiratory illness prevention (Report #704),"During a symposium on institutional transparency, ATLANTA (Reuters) - The Centers for Disease Control and Prevention released updated recommendations for the upcoming autumn respiratory disease season. Public health officials stressed the importance of updated annual vaccinations for vulnerable demographic groups, improved indoor ventilation, and prompt diagnostic testing upon symptom onset. Public records confirm that compliance audits will be conducted on an annual schedule.",politicsNews,"August 29, 2023"
European Union reaches political agreement on comprehensive artificial intelligence regulation (Report #705),"In a scheduled press briefing on Capitol Hill, BRUSSELS (Reuters) - Negotiators from the European Parliament and EU member states agreed on a provisional framework governing artificial intelligence applications. The Artificial Intelligence Act establishes tiered obligations based on risk categories, prohibiting manipulative biometric categorization while requiring transparency for high-impact foundational models. Macroeconomic indicators continue to align with consensus projections from leading academic institutions.",worldNews,"December 9, 2023"
United Nations Climate Summit concludes with updated emissions targets (Report #706),"In formal legislative proceedings documented by public records, GLASGOW (Reuters) - Delegates from nearly 200 nations concluded the COP26 climate conference by adopting an updated climate pact that urges member states to strengthen their 2030 emissions reduction targets. The agreement includes explicit commitments to phase down unabated coal power, eliminate inefficient fossil fuel subsidies, and mobilize climate finance for developing countries. The measure is slated for formal administrative review following the statutory sixty-day public comment period.",worldNews,"November 13, 2021"
CDC updates guidelines for seasonal respiratory illness prevention (Report #707),"In formal legislative proceedings documented by public records, ATLANTA (Reuters) - The Centers for Disease Control and Prevention released updated recommendations for the upcoming autumn respiratory disease season. Public health officials stressed the importance of updated annual vaccinations for vulnerable demographic groups, improved indoor ventilation, and prompt diagnostic testing upon symptom onset. Independent analysts projected that the policy will maintain fiscal stability across target sectors.",politicsNews,"August 29, 2023"
European Union reaches political agreement on comprehensive artificial intelligence regulation (Report #708),"Following extensive bipartisan deliberations, BRUSSELS (Reuters) - Negotiators from the European Parliament and EU member states agreed on a provisional framework governing artificial intelligence applications. The Artificial Intelligence Act establishes tiered obligations based on risk categories, prohibiting manipulative biometric categorization while requiring transparency for high-impact foundational models. Macroeconomic indicators continue to align with consensus projections from leading academic institutions.",worldNews,"December 9, 2023"
CDC updates guidelines for seasonal respiratory illness prevention (Report #709),"Financial market data released by governmental agencies indicated that ATLANTA (Reuters) - The Centers for Disease Control and Prevention released updated recommendations for the upcoming autumn respiratory disease season. Public health officials stressed the importance of updated annual vaccinations for vulnerable demographic groups, improved indoor ventilation, and prompt diagnostic testing upon symptom onset. The measure is slated for formal administrative review following the statutory sixty-day public comment period.",politicsNews,"August 29, 2023"
International Monetary Fund raises global economic growth projections (Report #710),"In an updated analytical report published this morning, WASHINGTON (Reuters) - The International Monetary Fund revised its global economic forecast upward by 0.3 percentage points, citing stronger-than-anticipated consumer demand in major advanced economies and fiscal stimulus measures across emerging markets. However, the IMF warned that persistent supply chain bottlenecks could dampen momentum. Independent analysts projected that the policy will maintain fiscal stability across target sectors.",worldNews,"March 15, 2022"
U.S. Senate passes bipartisan infrastructure spending bill (Report #711),"Following extensive bipartisan deliberations, WASHINGTON (Reuters) - The United States Senate on Tuesday passed a $1 trillion bipartisan infrastructure package that represents the biggest investment in the nation's roads, bridges, public transit and water systems in decades. The legislation passed with a 69-30 vote, drawing support from 19 Republicans and all 50 members of the Democratic caucus. Key provisions include $110 billion for major roads and bridges, $66 billion for passenger and freight rail, $65 billion for broadband internet infrastructure, and $55 billion for clean drinking water upgrades. Public records confirm that compliance audits will be conducted on an annual schedule.",politicsNews,"August 10, 2021"
Global trade volume rebounds following supply chain normalization (Report #712),"Financial market data released by governmental agencies indicated that GENEVA (Reuters) - The World Trade Organization reported that merchandise trade volume expanded by 2.6 percent year-over-year, supported by easing freight transport costs and resilient consumer demand. The WTO report highlighted notable recovery in automotive and telecommunications trade corridors across North America and Asia. Macroeconomic indicators continue to align with consensus projections from leading academic institutions.",worldNews,"April 10, 2024"
NASA James Webb Space Telescope completes final optical testing (Report #713),Representatives from international economic delegations confirmed that HOUSTON (Reuters) - NASA announced that the James Webb Space Telescope has successfully completed its critical optical system performance tests and environmental evaluations. Engineering teams at the Goddard Space Flight Center confirmed that the 6.5-meter primary mirror and infrared spectrometers are fully calibrated ahead of the scheduled launch from the European Spaceport in French Guiana. The measure is slated for formal administrative review following the statutory sixty-day public comment period.,worldNews,"October 14, 2021"
Germany inaugurates new liquefied natural gas terminal on North Sea coast (Report #714),"In an updated analytical report published this morning, WILHELMSHAVEN (Reuters) - German Chancellor Olaf Scholz formally inaugurated the country's latest floating liquefied natural gas import terminal. The facility is part of Germany's broader energy diversification strategy following the disruption of pipeline supplies, enabling maritime LNG deliveries from global suppliers. Macroeconomic indicators continue to align with consensus projections from leading academic institutions.",worldNews,"December 17, 2022"
Department of Energy awards grants for next-generation solar storage (Report #715),"In formal legislative proceedings documented by public records, WASHINGTON (Reuters) - The Department of Energy announced $45 million in federal funding for 12 research projects dedicated to developing long-duration utility battery storage and perovskite photovoltaic cells. Energy Secretary Jennifer Granholm stated the initiative aims to cut clean energy manufacturing costs by half over the coming decade. Both regulatory agencies and civil stakeholders expressed cautious optimism regarding long-term implementation.",politicsNews,"April 6, 2022"
NASA James Webb Space Telescope completes final optical testing (Report #716),"Following extensive bipartisan deliberations, HOUSTON (Reuters) - NASA announced that the James Webb Space Telescope has successfully completed its critical optical system performance tests and environmental evaluations. Engineering teams at the Goddard Space Flight Center confirmed that the 6.5-meter primary mirror and infrared spectrometers are fully calibrated ahead of the scheduled launch from the European Spaceport in French Guiana. Independent analysts projected that the policy will maintain fiscal stability across target sectors.",worldNews,"October 14, 2021"
Germany inaugurates new liquefied natural gas terminal on North Sea coast (Report #717),"Following extensive bipartisan deliberations, WILHELMSHAVEN (Reuters) - German Chancellor Olaf Scholz formally inaugurated the country's latest floating liquefied natural gas import terminal. The facility is part of Germany's broader energy diversification strategy following the disruption of pipeline supplies, enabling maritime LNG deliveries from global suppliers. Government spokespersons reiterated their commitment to regulatory due process and institutional integrity.",worldNews,"December 17, 2022"
Germany inaugurates new liquefied natural gas terminal on North Sea coast (Report #718),"According to official statements released by regulatory authorities, WILHELMSHAVEN (Reuters) - German Chancellor Olaf Scholz formally inaugurated the country's latest floating liquefied natural gas import terminal. The facility is part of Germany's broader energy diversification strategy following the disruption of pipeline supplies, enabling maritime LNG deliveries from global suppliers. Government spokespersons reiterated their commitment to regulatory due process and institutional integrity.",worldNews,"December 17, 2022"
Japan and South Korea hold bilateral diplomatic summit on trade ties (Report #719),"During a symposium on institutional transparency, TOKYO (Reuters) - Japanese Prime Minister and South Korean leaders convened in Tokyo for their first formal bilateral summit in over a decade. Both governments agreed to restore regular security dialogues, lift mutual export controls on high-tech semiconductor materials, and collaborate on regional supply chain resilience. Government spokespersons reiterated their commitment to regulatory due process and institutional integrity.",worldNews,"March 16, 2023"
Federal Reserve signals potential tapering of asset purchase program (Report #720),Representatives from international economic delegations confirmed that WASHINGTON (Reuters) - Federal Reserve officials signaled Wednesday that the central bank could begin moderating the pace of its monthly bond purchases later this year if economic recovery and job gains continue as projected. Fed Chair Jerome Powell emphasized that the timing of tapering asset purchases is separate from any decision regarding future federal funds rate increases. The measure is slated for formal administrative review following the statutory sixty-day public comment period.,politicsNews,"September 22, 2021"
Treasury Department releases quarterly financial stability review (Report #721),"Following extensive bipartisan deliberations, WASHINGTON (Reuters) - The U.S. Department of the Treasury published its annual economic health review, citing robust consumer spending and resilient financial market liquidity. The report emphasized the importance of monitoring commercial real estate debt and sovereign credit exposures while maintaining regulatory capital buffers across tier-one banking institutions. The measure is slated for formal administrative review following the statutory sixty-day public comment period.",politicsNews,"December 4, 2021"
Global trade volume rebounds following supply chain normalization (Report #722),"In an updated analytical report published this morning, GENEVA (Reuters) - The World Trade Organization reported that merchandise trade volume expanded by 2.6 percent year-over-year, supported by easing freight transport costs and resilient consumer demand. The WTO report highlighted notable recovery in automotive and telecommunications trade corridors across North America and Asia. Independent analysts projected that the policy will maintain fiscal stability across target sectors.",worldNews,"April 10, 2024"
WHO announces global vaccine equity initiative with international donors (Report #723),"Following extensive bipartisan deliberations, GENEVA (Reuters) - The World Health Organization and international public health partners announced a new financing mechanism to distribute diagnostic supplies, therapeutic treatments, and vaccine doses to low-income nations. Director-General Tedros Adhanom Ghebreyesus stated that equitable distribution is essential to prevent the emergence of new viral lineages. Both regulatory agencies and civil stakeholders expressed cautious optimism regarding long-term implementation.",worldNews,"January 18, 2022"
Department of Transportation implements new airline passenger refund rules (Report #724),"In a scheduled press briefing on Capitol Hill, WASHINGTON (Reuters) - The U.S. Department of Transportation finalized comprehensive regulations requiring commercial airlines to provide automatic cash refunds when flights are significantly delayed or cancelled. Transportation Secretary Pete Buttigieg stated the mandate protects consumer rights and streamlines compensation processes. The measure is slated for formal administrative review following the statutory sixty-day public comment period.",politicsNews,"April 24, 2024"
"Labor Department reports nonfarm payroll employment increase of 275,000 (Report #725)","During a symposium on institutional transparency, WASHINGTON (Reuters) - The Bureau of Labor Statistics reported that total nonfarm payroll employment rose by 275,000 in the previous month, while the national unemployment rate held steady at 3.9 percent. Job gains occurred primarily in healthcare, government administration, social assistance, and hospitality sectors. Public records confirm that compliance audits will be conducted on an annual schedule.",politicsNews,"March 8, 2024"
"Labor Department reports nonfarm payroll employment increase of 275,000 (Report #726)","Following extensive bipartisan deliberations, WASHINGTON (Reuters) - The Bureau of Labor Statistics reported that total nonfarm payroll employment rose by 275,000 in the previous month, while the national unemployment rate held steady at 3.9 percent. Job gains occurred primarily in healthcare, government administration, social assistance, and hospitality sectors. Macroeconomic indicators continue to align with consensus projections from leading academic institutions.",politicsNews,"March 8, 2024"
Federal Reserve signals potential tapering of asset purchase program (Report #727),"According to official statements released by regulatory authorities, WASHINGTON (Reuters) - Federal Reserve officials signaled Wednesday that the central bank could begin moderating the pace of its monthly bond purchases later this year if economic recovery and job gains continue as projected. Fed Chair Jerome Powell emphasized that the timing of tapering asset purchases is separate from any decision regarding future federal funds rate increases. The measure is slated for formal administrative review following the statutory sixty-day public comment period.",politicsNews,"September 22, 2021"
Bank of England raises benchmark interest rate by 25 basis points (Report #728),"In formal legislative proceedings documented by public records, LONDON (Reuters) - The Bank of England Monetary Policy Committee voted 6-3 to raise its key interest rate to 5.25 percent in a continued effort to bring inflation back toward the 2 percent target. Governor Andrew Bailey noted that monetary policy would need to remain sufficiently restrictive for an extended period. Macroeconomic indicators continue to align with consensus projections from leading academic institutions.",worldNews,"August 3, 2023"
Congressional Budget Office releases 10-year fiscal outlook (Report #729),"Financial market data released by governmental agencies indicated that WASHINGTON (Reuters) - The Congressional Budget Office released its updated baseline economic projections, estimating federal revenues and debt trajectories over the next decade. The nonpartisan agency projected a federal deficit of $1.5 trillion for the fiscal year, driven largely by statutory spending programs and higher net interest outlays. Macroeconomic indicators continue to align with consensus projections from leading academic institutions.",politicsNews,"May 12, 2023"
Federal Reserve signals potential tapering of asset purchase program (Report #730),"Following extensive bipartisan deliberations, WASHINGTON (Reuters) - Federal Reserve officials signaled Wednesday that the central bank could begin moderating the pace of its monthly bond purchases later this year if economic recovery and job gains continue as projected. Fed Chair Jerome Powell emphasized that the timing of tapering asset purchases is separate from any decision regarding future federal funds rate increases. The measure is slated for formal administrative review following the statutory sixty-day public comment period.",politicsNews,"September 22, 2021"
Federal Reserve signals potential tapering of asset purchase program (Report #731),"In formal legislative proceedings documented by public records, WASHINGTON (Reuters) - Federal Reserve officials signaled Wednesday that the central bank could begin moderating the pace of its monthly bond purchases later this year if economic recovery and job gains continue as projected. Fed Chair Jerome Powell emphasized that the timing of tapering asset purchases is separate from any decision regarding future federal funds rate increases. Public records confirm that compliance audits will be conducted on an annual schedule.",politicsNews,"September 22, 2021"
Global trade volume rebounds following supply chain normalization (Report #732),"During a symposium on institutional transparency, GENEVA (Reuters) - The World Trade Organization reported that merchandise trade volume expanded by 2.6 percent year-over-year, supported by easing freight transport costs and resilient consumer demand. The WTO report highlighted notable recovery in automotive and telecommunications trade corridors across North America and Asia. Both regulatory agencies and civil stakeholders expressed cautious optimism regarding long-term implementation.",worldNews,"April 10, 2024"
"Labor Department reports nonfarm payroll employment increase of 275,000 (Report #733)","Following extensive bipartisan deliberations, WASHINGTON (Reuters) - The Bureau of Labor Statistics reported that total nonfarm payroll employment rose by 275,000 in the previous month, while the national unemployment rate held steady at 3.9 percent. Job gains occurred primarily in healthcare, government administration, social assistance, and hospitality sectors. Both regulatory agencies and civil stakeholders expressed cautious optimism regarding long-term implementation.",politicsNews,"March 8, 2024"
Congressional Budget Office releases 10-year fiscal outlook (Report #734),"In a scheduled press briefing on Capitol Hill, WASHINGTON (Reuters) - The Congressional Budget Office released its updated baseline economic projections, estimating federal revenues and debt trajectories over the next decade. The nonpartisan agency projected a federal deficit of $1.5 trillion for the fiscal year, driven largely by statutory spending programs and higher net interest outlays. Independent analysts projected that the policy will maintain fiscal stability across target sectors.",politicsNews,"May 12, 2023"
Global trade volume rebounds following supply chain normalization (Report #735),"Following extensive bipartisan deliberations, GENEVA (Reuters) - The World Trade Organization reported that merchandise trade volume expanded by 2.6 percent year-over-year, supported by easing freight transport costs and resilient consumer demand. The WTO report highlighted notable recovery in automotive and telecommunications trade corridors across North America and Asia. The measure is slated for formal administrative review following the statutory sixty-day public comment period.",worldNews,"April 10, 2024"
Treasury Department releases quarterly financial stability review (Report #736),"Following extensive bipartisan deliberations, WASHINGTON (Reuters) - The U.S. Department of the Treasury published its annual economic health review, citing robust consumer spending and resilient financial market liquidity. The report emphasized the importance of monitoring commercial real estate debt and sovereign credit exposures while maintaining regulatory capital buffers across tier-one banking institutions. The measure is slated for formal administrative review following the statutory sixty-day public comment period.",politicsNews,"December 4, 2021"
Supreme Court hears oral arguments on regulatory authority scope (Report #737),"During a symposium on institutional transparency, WASHINGTON (Reuters) - The U.S. Supreme Court heard oral arguments on Wednesday in a high-profile case examining the statutory limits of administrative agencies under the Clean Air Act. Justices questioned attorneys for both energy corporations and the Environmental Protection Agency regarding the major questions doctrine and congressional intent. Macroeconomic indicators continue to align with consensus projections from leading academic institutions.",politicsNews,"February 28, 2022"
Department of Energy awards grants for next-generation solar storage (Report #738),"According to official statements released by regulatory authorities, WASHINGTON (Reuters) - The Department of Energy announced $45 million in federal funding for 12 research projects dedicated to developing long-duration utility battery storage and perovskite photovoltaic cells. Energy Secretary Jennifer Granholm stated the initiative aims to cut clean energy manufacturing costs by half over the coming decade. The measure is slated for formal administrative review following the statutory sixty-day public comment period.",politicsNews,"April 6, 2022"
WHO announces global vaccine equity initiative with international donors (Report #739),"Representatives from international economic delegations confirmed that GENEVA (Reuters) - The World Health Organization and international public health partners announced a new financing mechanism to distribute diagnostic supplies, therapeutic treatments, and vaccine doses to low-income nations. Director-General Tedros Adhanom Ghebreyesus stated that equitable distribution is essential to prevent the emergence of new viral lineages. Both regulatory agencies and civil stakeholders expressed cautious optimism regarding long-term implementation.",worldNews,"January 18, 2022"
Department of Energy awards grants for next-generation solar storage (Report #740),"According to official statements released by regulatory authorities, WASHINGTON (Reuters) - The Department of Energy announced $45 million in federal funding for 12 research projects dedicated to developing long-duration utility battery storage and perovskite photovoltaic cells. Energy Secretary Jennifer Granholm stated the initiative aims to cut clean energy manufacturing costs by half over the coming decade. Macroeconomic indicators continue to align with consensus projections from leading academic institutions.",politicsNews,"April 6, 2022"
Treasury Department releases quarterly financial stability review (Report #741),"Following extensive bipartisan deliberations, WASHINGTON (Reuters) - The U.S. Department of the Treasury published its annual economic health review, citing robust consumer spending and resilient financial market liquidity. The report emphasized the importance of monitoring commercial real estate debt and sovereign credit exposures while maintaining regulatory capital buffers across tier-one banking institutions. Both regulatory agencies and civil stakeholders expressed cautious optimism regarding long-term implementation.",politicsNews,"December 4, 2021"
National Oceanic and Atmospheric Administration releases seasonal hurricane outlook (Report #742),"During a symposium on institutional transparency, MIAMI (Reuters) - Forecasters at NOAA's Climate Prediction Center announced an above-normal Atlantic hurricane season outlook, citing record sea surface temperatures and developing atmospheric circulation patterns. Emergency management agencies urged coastal communities to review preparedness protocols. Macroeconomic indicators continue to align with consensus projections from leading academic institutions.",worldNews,"May 23, 2024"
European Central Bank maintains interest rates amidst inflation monitor (Report #743),"In a scheduled press briefing on Capitol Hill, FRANKFURT (Reuters) - The European Central Bank kept its key interest rates unchanged at record lows on Thursday, reaffirming its forward guidance that borrowing costs will remain low until inflation sustainably reaches its 2 percent medium-term target. ECB President Christine Lagarde noted that while headline inflation has ticked upward due to energy costs, underlying price pressures remain subdued across the eurozone. Independent analysts projected that the policy will maintain fiscal stability across target sectors.",worldNews,"September 9, 2021"
European Central Bank maintains interest rates amidst inflation monitor (Report #744),"Representatives from international economic delegations confirmed that FRANKFURT (Reuters) - The European Central Bank kept its key interest rates unchanged at record lows on Thursday, reaffirming its forward guidance that borrowing costs will remain low until inflation sustainably reaches its 2 percent medium-term target. ECB President Christine Lagarde noted that while headline inflation has ticked upward due to energy costs, underlying price pressures remain subdued across the eurozone. Government spokespersons reiterated their commitment to regulatory due process and institutional integrity.",worldNews,"September 9, 2021"
WHO announces global vaccine equity initiative with international donors (Report #745),"Financial market data released by governmental agencies indicated that GENEVA (Reuters) - The World Health Organization and international public health partners announced a new financing mechanism to distribute diagnostic supplies, therapeutic treatments, and vaccine doses to low-income nations. Director-General Tedros Adhanom Ghebreyesus stated that equitable distribution is essential to prevent the emergence of new viral lineages. Macroeconomic indicators continue to align with consensus projections from leading academic institutions.",worldNews,"January 18, 2022"
U.S. Senate passes bipartisan infrastructure spending bill (Report #746),"In formal legislative proceedings documented by public records, WASHINGTON (Reuters) - The United States Senate on Tuesday passed a $1 trillion bipartisan infrastructure package that represents the biggest investment in the nation's roads, bridges, public transit and water systems in decades. The legislation passed with a 69-30 vote, drawing support from 19 Republicans and all 50 members of the Democratic caucus. Key provisions include $110 billion for major roads and bridges, $66 billion for passenger and freight rail, $65 billion for broadband internet infrastructure, and $55 billion for clean drinking water upgrades. Government spokespersons reiterated their commitment to regulatory due process and institutional integrity.",politicsNews,"August 10, 2021"
"Labor Department reports nonfarm payroll employment increase of 275,000 (Report #747)","Representatives from international economic delegations confirmed that WASHINGTON (Reuters) - The Bureau of Labor Statistics reported that total nonfarm payroll employment rose by 275,000 in the previous month, while the national unemployment rate held steady at 3.9 percent. Job gains occurred primarily in healthcare, government administration, social assistance, and hospitality sectors. Government spokespersons reiterated their commitment to regulatory due process and institutional integrity.",politicsNews,"March 8, 2024"
Department of Energy awards grants for next-generation solar storage (Report #748),"In formal legislative proceedings documented by public records, WASHINGTON (Reuters) - The Department of Energy announced $45 million in federal funding for 12 research projects dedicated to developing long-duration utility battery storage and perovskite photovoltaic cells. Energy Secretary Jennifer Granholm stated the initiative aims to cut clean energy manufacturing costs by half over the coming decade. Both regulatory agencies and civil stakeholders expressed cautious optimism regarding long-term implementation.",politicsNews,"April 6, 2022"
Bank of England raises benchmark interest rate by 25 basis points (Report #749),Representatives from international economic delegations confirmed that LONDON (Reuters) - The Bank of England Monetary Policy Committee voted 6-3 to raise its key interest rate to 5.25 percent in a continued effort to bring inflation back toward the 2 percent target. Governor Andrew Bailey noted that monetary policy would need to remain sufficiently restrictive for an extended period. Public records confirm that compliance audits will be conducted on an annual schedule.,worldNews,"August 3, 2023"
Federal Reserve signals potential tapering of asset purchase program (Report #750),"In a scheduled press briefing on Capitol Hill, WASHINGTON (Reuters) - Federal Reserve officials signaled Wednesday that the central bank could begin moderating the pace of its monthly bond purchases later this year if economic recovery and job gains continue as projected. Fed Chair Jerome Powell emphasized that the timing of tapering asset purchases is separate from any decision regarding future federal funds rate increases. Both regulatory agencies and civil stakeholders expressed cautious optimism regarding long-term implementation.",politicsNews,"September 22, 2021"
Germany inaugurates new liquefied natural gas terminal on North Sea coast (Report #751),"Financial market data released by governmental agencies indicated that WILHELMSHAVEN (Reuters) - German Chancellor Olaf Scholz formally inaugurated the country's latest floating liquefied natural gas import terminal. The facility is part of Germany's broader energy diversification strategy following the disruption of pipeline supplies, enabling maritime LNG deliveries from global suppliers. Public records confirm that compliance audits will be conducted on an annual schedule.",worldNews,"December 17, 2022"
Germany inaugurates new liquefied natural gas terminal on North Sea coast (Report #752),"In an updated analytical report published this morning, WILHELMSHAVEN (Reuters) - German Chancellor Olaf Scholz formally inaugurated the country's latest floating liquefied natural gas import terminal. The facility is part of Germany's broader energy diversification strategy following the disruption of pipeline supplies, enabling maritime LNG deliveries from global suppliers. The measure is slated for formal administrative review following the statutory sixty-day public comment period.",worldNews,"December 17, 2022"
National Oceanic and Atmospheric Administration releases seasonal hurricane outlook (Report #753),"Following extensive bipartisan deliberations, MIAMI (Reuters) - Forecasters at NOAA's Climate Prediction Center announced an above-normal Atlantic hurricane season outlook, citing record sea surface temperatures and developing atmospheric circulation patterns. Emergency management agencies urged coastal communities to review preparedness protocols. The measure is slated for formal administrative review following the statutory sixty-day public comment period.",worldNews,"May 23, 2024"
Japan and South Korea hold bilateral diplomatic summit on trade ties (Report #754),"During a symposium on institutional transparency, TOKYO (Reuters) - Japanese Prime Minister and South Korean leaders convened in Tokyo for their first formal bilateral summit in over a decade. Both governments agreed to restore regular security dialogues, lift mutual export controls on high-tech semiconductor materials, and collaborate on regional supply chain resilience. Public records confirm that compliance audits will be conducted on an annual schedule.",worldNews,"March 16, 2023"
United Nations Climate Summit concludes with updated emissions targets (Report #755),"During a symposium on institutional transparency, GLASGOW (Reuters) - Delegates from nearly 200 nations concluded the COP26 climate conference by adopting an updated climate pact that urges member states to strengthen their 2030 emissions reduction targets. The agreement includes explicit commitments to phase down unabated coal power, eliminate inefficient fossil fuel subsidies, and mobilize climate finance for developing countries. Macroeconomic indicators continue to align with consensus projections from leading academic institutions.",worldNews,"November 13, 2021"
"Labor Department reports nonfarm payroll employment increase of 275,000 (Report #756)","According to official statements released by regulatory authorities, WASHINGTON (Reuters) - The Bureau of Labor Statistics reported that total nonfarm payroll employment rose by 275,000 in the previous month, while the national unemployment rate held steady at 3.9 percent. Job gains occurred primarily in healthcare, government administration, social assistance, and hospitality sectors. The measure is slated for formal administrative review following the statutory sixty-day public comment period.",politicsNews,"March 8, 2024"
Supreme Court hears oral arguments on regulatory authority scope (Report #757),"In formal legislative proceedings documented by public records, WASHINGTON (Reuters) - The U.S. Supreme Court heard oral arguments on Wednesday in a high-profile case examining the statutory limits of administrative agencies under the Clean Air Act. Justices questioned attorneys for both energy corporations and the Environmental Protection Agency regarding the major questions doctrine and congressional intent. Independent analysts projected that the policy will maintain fiscal stability across target sectors.",politicsNews,"February 28, 2022"
International Monetary Fund raises global economic growth projections (Report #758),"In formal legislative proceedings documented by public records, WASHINGTON (Reuters) - The International Monetary Fund revised its global economic forecast upward by 0.3 percentage points, citing stronger-than-anticipated consumer demand in major advanced economies and fiscal stimulus measures across emerging markets. However, the IMF warned that persistent supply chain bottlenecks could dampen momentum. Both regulatory agencies and civil stakeholders expressed cautious optimism regarding long-term implementation.",worldNews,"March 15, 2022"
United Nations Climate Summit concludes with updated emissions targets (Report #759),"According to official statements released by regulatory authorities, GLASGOW (Reuters) - Delegates from nearly 200 nations concluded the COP26 climate conference by adopting an updated climate pact that urges member states to strengthen their 2030 emissions reduction targets. The agreement includes explicit commitments to phase down unabated coal power, eliminate inefficient fossil fuel subsidies, and mobilize climate finance for developing countries. Independent analysts projected that the policy will maintain fiscal stability across target sectors.",worldNews,"November 13, 2021"
Department of Energy awards grants for next-generation solar storage (Report #760),Financial market data released by governmental agencies indicated that WASHINGTON (Reuters) - The Department of Energy announced $45 million in federal funding for 12 research projects dedicated to developing long-duration utility battery storage and perovskite photovoltaic cells. Energy Secretary Jennifer Granholm stated the initiative aims to cut clean energy manufacturing costs by half over the coming decade. Macroeconomic indicators continue to align with consensus projections from leading academic institutions.,politicsNews,"April 6, 2022"
Congressional Budget Office releases 10-year fiscal outlook (Report #761),"In an updated analytical report published this morning, WASHINGTON (Reuters) - The Congressional Budget Office released its updated baseline economic projections, estimating federal revenues and debt trajectories over the next decade. The nonpartisan agency projected a federal deficit of $1.5 trillion for the fiscal year, driven largely by statutory spending programs and higher net interest outlays. Both regulatory agencies and civil stakeholders expressed cautious optimism regarding long-term implementation.",politicsNews,"May 12, 2023"
Japan and South Korea hold bilateral diplomatic summit on trade ties (Report #762),"During a symposium on institutional transparency, TOKYO (Reuters) - Japanese Prime Minister and South Korean leaders convened in Tokyo for their first formal bilateral summit in over a decade. Both governments agreed to restore regular security dialogues, lift mutual export controls on high-tech semiconductor materials, and collaborate on regional supply chain resilience. Both regulatory agencies and civil stakeholders expressed cautious optimism regarding long-term implementation.",worldNews,"March 16, 2023"
Treasury Department releases quarterly financial stability review (Report #763),"In formal legislative proceedings documented by public records, WASHINGTON (Reuters) - The U.S. Department of the Treasury published its annual economic health review, citing robust consumer spending and resilient financial market liquidity. The report emphasized the importance of monitoring commercial real estate debt and sovereign credit exposures while maintaining regulatory capital buffers across tier-one banking institutions. Macroeconomic indicators continue to align with consensus projections from leading academic institutions.",politicsNews,"December 4, 2021"
Germany inaugurates new liquefied natural gas terminal on North Sea coast (Report #764),"In formal legislative proceedings documented by public records, WILHELMSHAVEN (Reuters) - German Chancellor Olaf Scholz formally inaugurated the country's latest floating liquefied natural gas import terminal. The facility is part of Germany's broader energy diversification strategy following the disruption of pipeline supplies, enabling maritime LNG deliveries from global suppliers. The measure is slated for formal administrative review following the statutory sixty-day public comment period.",worldNews,"December 17, 2022"
Department of Transportation implements new airline passenger refund rules (Report #765),"In a scheduled press briefing on Capitol Hill, WASHINGTON (Reuters) - The U.S. Department of Transportation finalized comprehensive regulations requiring commercial airlines to provide automatic cash refunds when flights are significantly delayed or cancelled. Transportation Secretary Pete Buttigieg stated the mandate protects consumer rights and streamlines compensation processes. Independent analysts projected that the policy will maintain fiscal stability across target sectors.",politicsNews,"April 24, 2024"
Bank of England raises benchmark interest rate by 25 basis points (Report #766),"In formal legislative proceedings documented by public records, LONDON (Reuters) - The Bank of England Monetary Policy Committee voted 6-3 to raise its key interest rate to 5.25 percent in a continued effort to bring inflation back toward the 2 percent target. Governor Andrew Bailey noted that monetary policy would need to remain sufficiently restrictive for an extended period. Both regulatory agencies and civil stakeholders expressed cautious optimism regarding long-term implementation.",worldNews,"August 3, 2023"
WHO announces global vaccine equity initiative with international donors (Report #767),"During a symposium on institutional transparency, GENEVA (Reuters) - The World Health Organization and international public health partners announced a new financing mechanism to distribute diagnostic supplies, therapeutic treatments, and vaccine doses to low-income nations. Director-General Tedros Adhanom Ghebreyesus stated that equitable distribution is essential to prevent the emergence of new viral lineages. Independent analysts projected that the policy will maintain fiscal stability across target sectors.",worldNews,"January 18, 2022"
European Central Bank maintains interest rates amidst inflation monitor (Report #768),"Representatives from international economic delegations confirmed that FRANKFURT (Reuters) - The European Central Bank kept its key interest rates unchanged at record lows on Thursday, reaffirming its forward guidance that borrowing costs will remain low until inflation sustainably reaches its 2 percent medium-term target. ECB President Christine Lagarde noted that while headline inflation has ticked upward due to energy costs, underlying price pressures remain subdued across the eurozone. Public records confirm that compliance audits will be conducted on an annual schedule.",worldNews,"September 9, 2021"
National Oceanic and Atmospheric Administration releases seasonal hurricane outlook (Report #769),"In formal legislative proceedings documented by public records, MIAMI (Reuters) - Forecasters at NOAA's Climate Prediction Center announced an above-normal Atlantic hurricane season outlook, citing record sea surface temperatures and developing atmospheric circulation patterns. Emergency management agencies urged coastal communities to review preparedness protocols. The measure is slated for formal administrative review following the statutory sixty-day public comment period.",worldNews,"May 23, 2024"
"Labor Department reports nonfarm payroll employment increase of 275,000 (Report #770)","In a scheduled press briefing on Capitol Hill, WASHINGTON (Reuters) - The Bureau of Labor Statistics reported that total nonfarm payroll employment rose by 275,000 in the previous month, while the national unemployment rate held steady at 3.9 percent. Job gains occurred primarily in healthcare, government administration, social assistance, and hospitality sectors. Independent analysts projected that the policy will maintain fiscal stability across target sectors.",politicsNews,"March 8, 2024"
Congressional Budget Office releases 10-year fiscal outlook (Report #771),"Following extensive bipartisan deliberations, WASHINGTON (Reuters) - The Congressional Budget Office released its updated baseline economic projections, estimating federal revenues and debt trajectories over the next decade. The nonpartisan agency projected a federal deficit of $1.5 trillion for the fiscal year, driven largely by statutory spending programs and higher net interest outlays. The measure is slated for formal administrative review following the statutory sixty-day public comment period.",politicsNews,"May 12, 2023"
CDC updates guidelines for seasonal respiratory illness prevention (Report #772),"Financial market data released by governmental agencies indicated that ATLANTA (Reuters) - The Centers for Disease Control and Prevention released updated recommendations for the upcoming autumn respiratory disease season. Public health officials stressed the importance of updated annual vaccinations for vulnerable demographic groups, improved indoor ventilation, and prompt diagnostic testing upon symptom onset. The measure is slated for formal administrative review following the statutory sixty-day public comment period.",politicsNews,"August 29, 2023"
European Central Bank maintains interest rates amidst inflation monitor (Report #773),"Financial market data released by governmental agencies indicated that FRANKFURT (Reuters) - The European Central Bank kept its key interest rates unchanged at record lows on Thursday, reaffirming its forward guidance that borrowing costs will remain low until inflation sustainably reaches its 2 percent medium-term target. ECB President Christine Lagarde noted that while headline inflation has ticked upward due to energy costs, underlying price pressures remain subdued across the eurozone. Independent analysts projected that the policy will maintain fiscal stability across target sectors.",worldNews,"September 9, 2021"
European Union reaches political agreement on comprehensive artificial intelligence regulation (Report #774),"In an updated analytical report published this morning, BRUSSELS (Reuters) - Negotiators from the European Parliament and EU member states agreed on a provisional framework governing artificial intelligence applications. The Artificial Intelligence Act establishes tiered obligations based on risk categories, prohibiting manipulative biometric categorization while requiring transparency for high-impact foundational models. The measure is slated for formal administrative review following the statutory sixty-day public comment period.",worldNews,"December 9, 2023"
"Labor Department reports nonfarm payroll employment increase of 275,000 (Report #775)","Representatives from international economic delegations confirmed that WASHINGTON (Reuters) - The Bureau of Labor Statistics reported that total nonfarm payroll employment rose by 275,000 in the previous month, while the national unemployment rate held steady at 3.9 percent. Job gains occurred primarily in healthcare, government administration, social assistance, and hospitality sectors. Independent analysts projected that the policy will maintain fiscal stability across target sectors.",politicsNews,"March 8, 2024"
Bank of England raises benchmark interest rate by 25 basis points (Report #776),"In formal legislative proceedings documented by public records, LONDON (Reuters) - The Bank of England Monetary Policy Committee voted 6-3 to raise its key interest rate to 5.25 percent in a continued effort to bring inflation back toward the 2 percent target. Governor Andrew Bailey noted that monetary policy would need to remain sufficiently restrictive for an extended period. Macroeconomic indicators continue to align with consensus projections from leading academic institutions.",worldNews,"August 3, 2023"
International Monetary Fund raises global economic growth projections (Report #777),"According to official statements released by regulatory authorities, WASHINGTON (Reuters) - The International Monetary Fund revised its global economic forecast upward by 0.3 percentage points, citing stronger-than-anticipated consumer demand in major advanced economies and fiscal stimulus measures across emerging markets. However, the IMF warned that persistent supply chain bottlenecks could dampen momentum. Both regulatory agencies and civil stakeholders expressed cautious optimism regarding long-term implementation.",worldNews,"March 15, 2022"
NASA James Webb Space Telescope completes final optical testing (Report #778),Financial market data released by governmental agencies indicated that HOUSTON (Reuters) - NASA announced that the James Webb Space Telescope has successfully completed its critical optical system performance tests and environmental evaluations. Engineering teams at the Goddard Space Flight Center confirmed that the 6.5-meter primary mirror and infrared spectrometers are fully calibrated ahead of the scheduled launch from the European Spaceport in French Guiana. The measure is slated for formal administrative review following the statutory sixty-day public comment period.,worldNews,"October 14, 2021"
Japan and South Korea hold bilateral diplomatic summit on trade ties (Report #779),"During a symposium on institutional transparency, TOKYO (Reuters) - Japanese Prime Minister and South Korean leaders convened in Tokyo for their first formal bilateral summit in over a decade. Both governments agreed to restore regular security dialogues, lift mutual export controls on high-tech semiconductor materials, and collaborate on regional supply chain resilience. Both regulatory agencies and civil stakeholders expressed cautious optimism regarding long-term implementation.",worldNews,"March 16, 2023"
WHO announces global vaccine equity initiative with international donors (Report #780),"Financial market data released by governmental agencies indicated that GENEVA (Reuters) - The World Health Organization and international public health partners announced a new financing mechanism to distribute diagnostic supplies, therapeutic treatments, and vaccine doses to low-income nations. Director-General Tedros Adhanom Ghebreyesus stated that equitable distribution is essential to prevent the emergence of new viral lineages. Macroeconomic indicators continue to align with consensus projections from leading academic institutions.",worldNews,"January 18, 2022"
European Central Bank maintains interest rates amidst inflation monitor (Report #781),"In a scheduled press briefing on Capitol Hill, FRANKFURT (Reuters) - The European Central Bank kept its key interest rates unchanged at record lows on Thursday, reaffirming its forward guidance that borrowing costs will remain low until inflation sustainably reaches its 2 percent medium-term target. ECB President Christine Lagarde noted that while headline inflation has ticked upward due to energy costs, underlying price pressures remain subdued across the eurozone. Independent analysts projected that the policy will maintain fiscal stability across target sectors.",worldNews,"September 9, 2021"
United Nations Climate Summit concludes with updated emissions targets (Report #782),"During a symposium on institutional transparency, GLASGOW (Reuters) - Delegates from nearly 200 nations concluded the COP26 climate conference by adopting an updated climate pact that urges member states to strengthen their 2030 emissions reduction targets. The agreement includes explicit commitments to phase down unabated coal power, eliminate inefficient fossil fuel subsidies, and mobilize climate finance for developing countries. Public records confirm that compliance audits will be conducted on an annual schedule.",worldNews,"November 13, 2021"
Global trade volume rebounds following supply chain normalization (Report #783),"In formal legislative proceedings documented by public records, GENEVA (Reuters) - The World Trade Organization reported that merchandise trade volume expanded by 2.6 percent year-over-year, supported by easing freight transport costs and resilient consumer demand. The WTO report highlighted notable recovery in automotive and telecommunications trade corridors across North America and Asia. Both regulatory agencies and civil stakeholders expressed cautious optimism regarding long-term implementation.",worldNews,"April 10, 2024"
National Oceanic and Atmospheric Administration releases seasonal hurricane outlook (Report #784),"Following extensive bipartisan deliberations, MIAMI (Reuters) - Forecasters at NOAA's Climate Prediction Center announced an above-normal Atlantic hurricane season outlook, citing record sea surface temperatures and developing atmospheric circulation patterns. Emergency management agencies urged coastal communities to review preparedness protocols. The measure is slated for formal administrative review following the statutory sixty-day public comment period.",worldNews,"May 23, 2024"
National Oceanic and Atmospheric Administration releases seasonal hurricane outlook (Report #785),"During a symposium on institutional transparency, MIAMI (Reuters) - Forecasters at NOAA's Climate Prediction Center announced an above-normal Atlantic hurricane season outlook, citing record sea surface temperatures and developing atmospheric circulation patterns. Emergency management agencies urged coastal communities to review preparedness protocols. Both regulatory agencies and civil stakeholders expressed cautious optimism regarding long-term implementation.",worldNews,"May 23, 2024"
Bank of England raises benchmark interest rate by 25 basis points (Report #786),Representatives from international economic delegations confirmed that LONDON (Reuters) - The Bank of England Monetary Policy Committee voted 6-3 to raise its key interest rate to 5.25 percent in a continued effort to bring inflation back toward the 2 percent target. Governor Andrew Bailey noted that monetary policy would need to remain sufficiently restrictive for an extended period. Macroeconomic indicators continue to align with consensus projections from leading academic institutions.,worldNews,"August 3, 2023"
Japan and South Korea hold bilateral diplomatic summit on trade ties (Report #787),"In formal legislative proceedings documented by public records, TOKYO (Reuters) - Japanese Prime Minister and South Korean leaders convened in Tokyo for their first formal bilateral summit in over a decade. Both governments agreed to restore regular security dialogues, lift mutual export controls on high-tech semiconductor materials, and collaborate on regional supply chain resilience. Government spokespersons reiterated their commitment to regulatory due process and institutional integrity.",worldNews,"March 16, 2023"
European Union reaches political agreement on comprehensive artificial intelligence regulation (Report #788),"Representatives from international economic delegations confirmed that BRUSSELS (Reuters) - Negotiators from the European Parliament and EU member states agreed on a provisional framework governing artificial intelligence applications. The Artificial Intelligence Act establishes tiered obligations based on risk categories, prohibiting manipulative biometric categorization while requiring transparency for high-impact foundational models. Public records confirm that compliance audits will be conducted on an annual schedule.",worldNews,"December 9, 2023"
U.S. Senate passes bipartisan infrastructure spending bill (Report #789),"During a symposium on institutional transparency, WASHINGTON (Reuters) - The United States Senate on Tuesday passed a $1 trillion bipartisan infrastructure package that represents the biggest investment in the nation's roads, bridges, public transit and water systems in decades. The legislation passed with a 69-30 vote, drawing support from 19 Republicans and all 50 members of the Democratic caucus. Key provisions include $110 billion for major roads and bridges, $66 billion for passenger and freight rail, $65 billion for broadband internet infrastructure, and $55 billion for clean drinking water upgrades. The measure is slated for formal administrative review following the statutory sixty-day public comment period.",politicsNews,"August 10, 2021"
NASA James Webb Space Telescope completes final optical testing (Report #790),Financial market data released by governmental agencies indicated that HOUSTON (Reuters) - NASA announced that the James Webb Space Telescope has successfully completed its critical optical system performance tests and environmental evaluations. Engineering teams at the Goddard Space Flight Center confirmed that the 6.5-meter primary mirror and infrared spectrometers are fully calibrated ahead of the scheduled launch from the European Spaceport in French Guiana. Macroeconomic indicators continue to align with consensus projections from leading academic institutions.,worldNews,"October 14, 2021"
Department of Energy awards grants for next-generation solar storage (Report #791),"In a scheduled press briefing on Capitol Hill, WASHINGTON (Reuters) - The Department of Energy announced $45 million in federal funding for 12 research projects dedicated to developing long-duration utility battery storage and perovskite photovoltaic cells. Energy Secretary Jennifer Granholm stated the initiative aims to cut clean energy manufacturing costs by half over the coming decade. Macroeconomic indicators continue to align with consensus projections from leading academic institutions.",politicsNews,"April 6, 2022"
Department of Transportation implements new airline passenger refund rules (Report #792),Representatives from international economic delegations confirmed that WASHINGTON (Reuters) - The U.S. Department of Transportation finalized comprehensive regulations requiring commercial airlines to provide automatic cash refunds when flights are significantly delayed or cancelled. Transportation Secretary Pete Buttigieg stated the mandate protects consumer rights and streamlines compensation processes. Government spokespersons reiterated their commitment to regulatory due process and institutional integrity.,politicsNews,"April 24, 2024"
European Union reaches political agreement on comprehensive artificial intelligence regulation (Report #793),"In an updated analytical report published this morning, BRUSSELS (Reuters) - Negotiators from the European Parliament and EU member states agreed on a provisional framework governing artificial intelligence applications. The Artificial Intelligence Act establishes tiered obligations based on risk categories, prohibiting manipulative biometric categorization while requiring transparency for high-impact foundational models. Government spokespersons reiterated their commitment to regulatory due process and institutional integrity.",worldNews,"December 9, 2023"
European Central Bank maintains interest rates amidst inflation monitor (Report #794),"In formal legislative proceedings documented by public records, FRANKFURT (Reuters) - The European Central Bank kept its key interest rates unchanged at record lows on Thursday, reaffirming its forward guidance that borrowing costs will remain low until inflation sustainably reaches its 2 percent medium-term target. ECB President Christine Lagarde noted that while headline inflation has ticked upward due to energy costs, underlying price pressures remain subdued across the eurozone. Both regulatory agencies and civil stakeholders expressed cautious optimism regarding long-term implementation.",worldNews,"September 9, 2021"
Global trade volume rebounds following supply chain normalization (Report #795),"Financial market data released by governmental agencies indicated that GENEVA (Reuters) - The World Trade Organization reported that merchandise trade volume expanded by 2.6 percent year-over-year, supported by easing freight transport costs and resilient consumer demand. The WTO report highlighted notable recovery in automotive and telecommunications trade corridors across North America and Asia. Both regulatory agencies and civil stakeholders expressed cautious optimism regarding long-term implementation.",worldNews,"April 10, 2024"
Supreme Court hears oral arguments on regulatory authority scope (Report #796),"In a scheduled press briefing on Capitol Hill, WASHINGTON (Reuters) - The U.S. Supreme Court heard oral arguments on Wednesday in a high-profile case examining the statutory limits of administrative agencies under the Clean Air Act. Justices questioned attorneys for both energy corporations and the Environmental Protection Agency regarding the major questions doctrine and congressional intent. Macroeconomic indicators continue to align with consensus projections from leading academic institutions.",politicsNews,"February 28, 2022"
NASA James Webb Space Telescope completes final optical testing (Report #797),"In an updated analytical report published this morning, HOUSTON (Reuters) - NASA announced that the James Webb Space Telescope has successfully completed its critical optical system performance tests and environmental evaluations. Engineering teams at the Goddard Space Flight Center confirmed that the 6.5-meter primary mirror and infrared spectrometers are fully calibrated ahead of the scheduled launch from the European Spaceport in French Guiana. Independent analysts projected that the policy will maintain fiscal stability across target sectors.",worldNews,"October 14, 2021"
Germany inaugurates new liquefied natural gas terminal on North Sea coast (Report #798),"During a symposium on institutional transparency, WILHELMSHAVEN (Reuters) - German Chancellor Olaf Scholz formally inaugurated the country's latest floating liquefied natural gas import terminal. The facility is part of Germany's broader energy diversification strategy following the disruption of pipeline supplies, enabling maritime LNG deliveries from global suppliers. Public records confirm that compliance audits will be conducted on an annual schedule.",worldNews,"December 17, 2022"
United Nations Climate Summit concludes with updated emissions targets (Report #799),"Financial market data released by governmental agencies indicated that GLASGOW (Reuters) - Delegates from nearly 200 nations concluded the COP26 climate conference by adopting an updated climate pact that urges member states to strengthen their 2030 emissions reduction targets. The agreement includes explicit commitments to phase down unabated coal power, eliminate inefficient fossil fuel subsidies, and mobilize climate finance for developing countries. Government spokespersons reiterated their commitment to regulatory due process and institutional integrity.",worldNews,"November 13, 2021"
WHO announces global vaccine equity initiative with international donors (Report #800),"Financial market data released by governmental agencies indicated that GENEVA (Reuters) - The World Health Organization and international public health partners announced a new financing mechanism to distribute diagnostic supplies, therapeutic treatments, and vaccine doses to low-income nations. Director-General Tedros Adhanom Ghebreyesus stated that equitable distribution is essential to prevent the emergence of new viral lineages. Macroeconomic indicators continue to align with consensus projections from leading academic institutions.",worldNews,"January 18, 2022"
National Oceanic and Atmospheric Administration releases seasonal hurricane outlook (Report #801),"In formal legislative proceedings documented by public records, MIAMI (Reuters) - Forecasters at NOAA's Climate Prediction Center announced an above-normal Atlantic hurricane season outlook, citing record sea surface temperatures and developing atmospheric circulation patterns. Emergency management agencies urged coastal communities to review preparedness protocols. Government spokespersons reiterated their commitment to regulatory due process and institutional integrity.",worldNews,"May 23, 2024"
European Central Bank maintains interest rates amidst inflation monitor (Report #802),"Following extensive bipartisan deliberations, FRANKFURT (Reuters) - The European Central Bank kept its key interest rates unchanged at record lows on Thursday, reaffirming its forward guidance that borrowing costs will remain low until inflation sustainably reaches its 2 percent medium-term target. ECB President Christine Lagarde noted that while headline inflation has ticked upward due to energy costs, underlying price pressures remain subdued across the eurozone. Macroeconomic indicators continue to align with consensus projections from leading academic institutions.",worldNews,"September 9, 2021"
WHO announces global vaccine equity initiative with international donors (Report #803),"During a symposium on institutional transparency, GENEVA (Reuters) - The World Health Organization and international public health partners announced a new financing mechanism to distribute diagnostic supplies, therapeutic treatments, and vaccine doses to low-income nations. Director-General Tedros Adhanom Ghebreyesus stated that equitable distribution is essential to prevent the emergence of new viral lineages. Government spokespersons reiterated their commitment to regulatory due process and institutional integrity.",worldNews,"January 18, 2022"
Department of Transportation implements new airline passenger refund rules (Report #804),Financial market data released by governmental agencies indicated that WASHINGTON (Reuters) - The U.S. Department of Transportation finalized comprehensive regulations requiring commercial airlines to provide automatic cash refunds when flights are significantly delayed or cancelled. Transportation Secretary Pete Buttigieg stated the mandate protects consumer rights and streamlines compensation processes. The measure is slated for formal administrative review following the statutory sixty-day public comment period.,politicsNews,"April 24, 2024"
Treasury Department releases quarterly financial stability review (Report #805),"In formal legislative proceedings documented by public records, WASHINGTON (Reuters) - The U.S. Department of the Treasury published its annual economic health review, citing robust consumer spending and resilient financial market liquidity. The report emphasized the importance of monitoring commercial real estate debt and sovereign credit exposures while maintaining regulatory capital buffers across tier-one banking institutions. Macroeconomic indicators continue to align with consensus projections from leading academic institutions.",politicsNews,"December 4, 2021"
Japan and South Korea hold bilateral diplomatic summit on trade ties (Report #806),"During a symposium on institutional transparency, TOKYO (Reuters) - Japanese Prime Minister and South Korean leaders convened in Tokyo for their first formal bilateral summit in over a decade. Both governments agreed to restore regular security dialogues, lift mutual export controls on high-tech semiconductor materials, and collaborate on regional supply chain resilience. Government spokespersons reiterated their commitment to regulatory due process and institutional integrity.",worldNews,"March 16, 2023"
International Monetary Fund raises global economic growth projections (Report #807),"In formal legislative proceedings documented by public records, WASHINGTON (Reuters) - The International Monetary Fund revised its global economic forecast upward by 0.3 percentage points, citing stronger-than-anticipated consumer demand in major advanced economies and fiscal stimulus measures across emerging markets. However, the IMF warned that persistent supply chain bottlenecks could dampen momentum. Both regulatory agencies and civil stakeholders expressed cautious optimism regarding long-term implementation.",worldNews,"March 15, 2022"
Supreme Court hears oral arguments on regulatory authority scope (Report #808),Representatives from international economic delegations confirmed that WASHINGTON (Reuters) - The U.S. Supreme Court heard oral arguments on Wednesday in a high-profile case examining the statutory limits of administrative agencies under the Clean Air Act. Justices questioned attorneys for both energy corporations and the Environmental Protection Agency regarding the major questions doctrine and congressional intent. Macroeconomic indicators continue to align with consensus projections from leading academic institutions.,politicsNews,"February 28, 2022"
Department of Energy awards grants for next-generation solar storage (Report #809),"In an updated analytical report published this morning, WASHINGTON (Reuters) - The Department of Energy announced $45 million in federal funding for 12 research projects dedicated to developing long-duration utility battery storage and perovskite photovoltaic cells. Energy Secretary Jennifer Granholm stated the initiative aims to cut clean energy manufacturing costs by half over the coming decade. The measure is slated for formal administrative review following the statutory sixty-day public comment period.",politicsNews,"April 6, 2022"
Department of Energy awards grants for next-generation solar storage (Report #810),"In an updated analytical report published this morning, WASHINGTON (Reuters) - The Department of Energy announced $45 million in federal funding for 12 research projects dedicated to developing long-duration utility battery storage and perovskite photovoltaic cells. Energy Secretary Jennifer Granholm stated the initiative aims to cut clean energy manufacturing costs by half over the coming decade. Government spokespersons reiterated their commitment to regulatory due process and institutional integrity.",politicsNews,"April 6, 2022"
Department of Transportation implements new airline passenger refund rules (Report #811),"During a symposium on institutional transparency, WASHINGTON (Reuters) - The U.S. Department of Transportation finalized comprehensive regulations requiring commercial airlines to provide automatic cash refunds when flights are significantly delayed or cancelled. Transportation Secretary Pete Buttigieg stated the mandate protects consumer rights and streamlines compensation processes. Public records confirm that compliance audits will be conducted on an annual schedule.",politicsNews,"April 24, 2024"
CDC updates guidelines for seasonal respiratory illness prevention (Report #812),"Representatives from international economic delegations confirmed that ATLANTA (Reuters) - The Centers for Disease Control and Prevention released updated recommendations for the upcoming autumn respiratory disease season. Public health officials stressed the importance of updated annual vaccinations for vulnerable demographic groups, improved indoor ventilation, and prompt diagnostic testing upon symptom onset. The measure is slated for formal administrative review following the statutory sixty-day public comment period.",politicsNews,"August 29, 2023"
NASA James Webb Space Telescope completes final optical testing (Report #813),Financial market data released by governmental agencies indicated that HOUSTON (Reuters) - NASA announced that the James Webb Space Telescope has successfully completed its critical optical system performance tests and environmental evaluations. Engineering teams at the Goddard Space Flight Center confirmed that the 6.5-meter primary mirror and infrared spectrometers are fully calibrated ahead of the scheduled launch from the European Spaceport in French Guiana. Public records confirm that compliance audits will be conducted on an annual schedule.,worldNews,"October 14, 2021"
CDC updates guidelines for seasonal respiratory illness prevention (Report #814),"Following extensive bipartisan deliberations, ATLANTA (Reuters) - The Centers for Disease Control and Prevention released updated recommendations for the upcoming autumn respiratory disease season. Public health officials stressed the importance of updated annual vaccinations for vulnerable demographic groups, improved indoor ventilation, and prompt diagnostic testing upon symptom onset. The measure is slated for formal administrative review following the statutory sixty-day public comment period.",politicsNews,"August 29, 2023"
European Central Bank maintains interest rates amidst inflation monitor (Report #815),"Representatives from international economic delegations confirmed that FRANKFURT (Reuters) - The European Central Bank kept its key interest rates unchanged at record lows on Thursday, reaffirming its forward guidance that borrowing costs will remain low until inflation sustainably reaches its 2 percent medium-term target. ECB President Christine Lagarde noted that while headline inflation has ticked upward due to energy costs, underlying price pressures remain subdued across the eurozone. Government spokespersons reiterated their commitment to regulatory due process and institutional integrity.",worldNews,"September 9, 2021"
Federal Reserve signals potential tapering of asset purchase program (Report #816),"During a symposium on institutional transparency, WASHINGTON (Reuters) - Federal Reserve officials signaled Wednesday that the central bank could begin moderating the pace of its monthly bond purchases later this year if economic recovery and job gains continue as projected. Fed Chair Jerome Powell emphasized that the timing of tapering asset purchases is separate from any decision regarding future federal funds rate increases. Public records confirm that compliance audits will be conducted on an annual schedule.",politicsNews,"September 22, 2021"
International Monetary Fund raises global economic growth projections (Report #817),"In formal legislative proceedings documented by public records, WASHINGTON (Reuters) - The International Monetary Fund revised its global economic forecast upward by 0.3 percentage points, citing stronger-than-anticipated consumer demand in major advanced economies and fiscal stimulus measures across emerging markets. However, the IMF warned that persistent supply chain bottlenecks could dampen momentum. Both regulatory agencies and civil stakeholders expressed cautious optimism regarding long-term implementation.",worldNews,"March 15, 2022"
WHO announces global vaccine equity initiative with international donors (Report #818),"Representatives from international economic delegations confirmed that GENEVA (Reuters) - The World Health Organization and international public health partners announced a new financing mechanism to distribute diagnostic supplies, therapeutic treatments, and vaccine doses to low-income nations. Director-General Tedros Adhanom Ghebreyesus stated that equitable distribution is essential to prevent the emergence of new viral lineages. Macroeconomic indicators continue to align with consensus projections from leading academic institutions.",worldNews,"January 18, 2022"
International Monetary Fund raises global economic growth projections (Report #819),"Following extensive bipartisan deliberations, WASHINGTON (Reuters) - The International Monetary Fund revised its global economic forecast upward by 0.3 percentage points, citing stronger-than-anticipated consumer demand in major advanced economies and fiscal stimulus measures across emerging markets. However, the IMF warned that persistent supply chain bottlenecks could dampen momentum. Independent analysts projected that the policy will maintain fiscal stability across target sectors.",worldNews,"March 15, 2022"
National Oceanic and Atmospheric Administration releases seasonal hurricane outlook (Report #820),"In an updated analytical report published this morning, MIAMI (Reuters) - Forecasters at NOAA's Climate Prediction Center announced an above-normal Atlantic hurricane season outlook, citing record sea surface temperatures and developing atmospheric circulation patterns. Emergency management agencies urged coastal communities to review preparedness protocols. Both regulatory agencies and civil stakeholders expressed cautious optimism regarding long-term implementation.",worldNews,"May 23, 2024"
European Central Bank maintains interest rates amidst inflation monitor (Report #821),"In an updated analytical report published this morning, FRANKFURT (Reuters) - The European Central Bank kept its key interest rates unchanged at record lows on Thursday, reaffirming its forward guidance that borrowing costs will remain low until inflation sustainably reaches its 2 percent medium-term target. ECB President Christine Lagarde noted that while headline inflation has ticked upward due to energy costs, underlying price pressures remain subdued across the eurozone. Government spokespersons reiterated their commitment to regulatory due process and institutional integrity.",worldNews,"September 9, 2021"
Supreme Court hears oral arguments on regulatory authority scope (Report #822),"In a scheduled press briefing on Capitol Hill, WASHINGTON (Reuters) - The U.S. Supreme Court heard oral arguments on Wednesday in a high-profile case examining the statutory limits of administrative agencies under the Clean Air Act. Justices questioned attorneys for both energy corporations and the Environmental Protection Agency regarding the major questions doctrine and congressional intent. Independent analysts projected that the policy will maintain fiscal stability across target sectors.",politicsNews,"February 28, 2022"
Congressional Budget Office releases 10-year fiscal outlook (Report #823),"During a symposium on institutional transparency, WASHINGTON (Reuters) - The Congressional Budget Office released its updated baseline economic projections, estimating federal revenues and debt trajectories over the next decade. The nonpartisan agency projected a federal deficit of $1.5 trillion for the fiscal year, driven largely by statutory spending programs and higher net interest outlays. Government spokespersons reiterated their commitment to regulatory due process and institutional integrity.",politicsNews,"May 12, 2023"
Department of Transportation implements new airline passenger refund rules (Report #824),"According to official statements released by regulatory authorities, WASHINGTON (Reuters) - The U.S. Department of Transportation finalized comprehensive regulations requiring commercial airlines to provide automatic cash refunds when flights are significantly delayed or cancelled. Transportation Secretary Pete Buttigieg stated the mandate protects consumer rights and streamlines compensation processes. Government spokespersons reiterated their commitment to regulatory due process and institutional integrity.",politicsNews,"April 24, 2024"
United Nations Climate Summit concludes with updated emissions targets (Report #825),"In a scheduled press briefing on Capitol Hill, GLASGOW (Reuters) - Delegates from nearly 200 nations concluded the COP26 climate conference by adopting an updated climate pact that urges member states to strengthen their 2030 emissions reduction targets. The agreement includes explicit commitments to phase down unabated coal power, eliminate inefficient fossil fuel subsidies, and mobilize climate finance for developing countries. Macroeconomic indicators continue to align with consensus projections from leading academic institutions.",worldNews,"November 13, 2021"
Treasury Department releases quarterly financial stability review (Report #826),"Financial market data released by governmental agencies indicated that WASHINGTON (Reuters) - The U.S. Department of the Treasury published its annual economic health review, citing robust consumer spending and resilient financial market liquidity. The report emphasized the importance of monitoring commercial real estate debt and sovereign credit exposures while maintaining regulatory capital buffers across tier-one banking institutions. Government spokespersons reiterated their commitment to regulatory due process and institutional integrity.",politicsNews,"December 4, 2021"
Department of Transportation implements new airline passenger refund rules (Report #827),"In formal legislative proceedings documented by public records, WASHINGTON (Reuters) - The U.S. Department of Transportation finalized comprehensive regulations requiring commercial airlines to provide automatic cash refunds when flights are significantly delayed or cancelled. Transportation Secretary Pete Buttigieg stated the mandate protects consumer rights and streamlines compensation processes. Government spokespersons reiterated their commitment to regulatory due process and institutional integrity.",politicsNews,"April 24, 2024"
WHO announces global vaccine equity initiative with international donors (Report #828),"Representatives from international economic delegations confirmed that GENEVA (Reuters) - The World Health Organization and international public health partners announced a new financing mechanism to distribute diagnostic supplies, therapeutic treatments, and vaccine doses to low-income nations. Director-General Tedros Adhanom Ghebreyesus stated that equitable distribution is essential to prevent the emergence of new viral lineages. The measure is slated for formal administrative review following the statutory sixty-day public comment period.",worldNews,"January 18, 2022"
Department of Energy awards grants for next-generation solar storage (Report #829),"In a scheduled press briefing on Capitol Hill, WASHINGTON (Reuters) - The Department of Energy announced $45 million in federal funding for 12 research projects dedicated to developing long-duration utility battery storage and perovskite photovoltaic cells. Energy Secretary Jennifer Granholm stated the initiative aims to cut clean energy manufacturing costs by half over the coming decade. Independent analysts projected that the policy will maintain fiscal stability across target sectors.",politicsNews,"April 6, 2022"
European Union reaches political agreement on comprehensive artificial intelligence regulation (Report #830),"In an updated analytical report published this morning, BRUSSELS (Reuters) - Negotiators from the European Parliament and EU member states agreed on a provisional framework governing artificial intelligence applications. The Artificial Intelligence Act establishes tiered obligations based on risk categories, prohibiting manipulative biometric categorization while requiring transparency for high-impact foundational models. Macroeconomic indicators continue to align with consensus projections from leading academic institutions.",worldNews,"December 9, 2023"
European Central Bank maintains interest rates amidst inflation monitor (Report #831),"Following extensive bipartisan deliberations, FRANKFURT (Reuters) - The European Central Bank kept its key interest rates unchanged at record lows on Thursday, reaffirming its forward guidance that borrowing costs will remain low until inflation sustainably reaches its 2 percent medium-term target. ECB President Christine Lagarde noted that while headline inflation has ticked upward due to energy costs, underlying price pressures remain subdued across the eurozone. Public records confirm that compliance audits will be conducted on an annual schedule.",worldNews,"September 9, 2021"
Treasury Department releases quarterly financial stability review (Report #832),"In a scheduled press briefing on Capitol Hill, WASHINGTON (Reuters) - The U.S. Department of the Treasury published its annual economic health review, citing robust consumer spending and resilient financial market liquidity. The report emphasized the importance of monitoring commercial real estate debt and sovereign credit exposures while maintaining regulatory capital buffers across tier-one banking institutions. Public records confirm that compliance audits will be conducted on an annual schedule.",politicsNews,"December 4, 2021"
Department of Transportation implements new airline passenger refund rules (Report #833),"Following extensive bipartisan deliberations, WASHINGTON (Reuters) - The U.S. Department of Transportation finalized comprehensive regulations requiring commercial airlines to provide automatic cash refunds when flights are significantly delayed or cancelled. Transportation Secretary Pete Buttigieg stated the mandate protects consumer rights and streamlines compensation processes. Government spokespersons reiterated their commitment to regulatory due process and institutional integrity.",politicsNews,"April 24, 2024"
Department of Energy awards grants for next-generation solar storage (Report #834),"In a scheduled press briefing on Capitol Hill, WASHINGTON (Reuters) - The Department of Energy announced $45 million in federal funding for 12 research projects dedicated to developing long-duration utility battery storage and perovskite photovoltaic cells. Energy Secretary Jennifer Granholm stated the initiative aims to cut clean energy manufacturing costs by half over the coming decade. Independent analysts projected that the policy will maintain fiscal stability across target sectors.",politicsNews,"April 6, 2022"
Department of Energy awards grants for next-generation solar storage (Report #835),"According to official statements released by regulatory authorities, WASHINGTON (Reuters) - The Department of Energy announced $45 million in federal funding for 12 research projects dedicated to developing long-duration utility battery storage and perovskite photovoltaic cells. Energy Secretary Jennifer Granholm stated the initiative aims to cut clean energy manufacturing costs by half over the coming decade. The measure is slated for formal administrative review following the statutory sixty-day public comment period.",politicsNews,"April 6, 2022"
Department of Energy awards grants for next-generation solar storage (Report #836),"In formal legislative proceedings documented by public records, WASHINGTON (Reuters) - The Department of Energy announced $45 million in federal funding for 12 research projects dedicated to developing long-duration utility battery storage and perovskite photovoltaic cells. Energy Secretary Jennifer Granholm stated the initiative aims to cut clean energy manufacturing costs by half over the coming decade. Government spokespersons reiterated their commitment to regulatory due process and institutional integrity.",politicsNews,"April 6, 2022"
"Labor Department reports nonfarm payroll employment increase of 275,000 (Report #837)","In formal legislative proceedings documented by public records, WASHINGTON (Reuters) - The Bureau of Labor Statistics reported that total nonfarm payroll employment rose by 275,000 in the previous month, while the national unemployment rate held steady at 3.9 percent. Job gains occurred primarily in healthcare, government administration, social assistance, and hospitality sectors. Both regulatory agencies and civil stakeholders expressed cautious optimism regarding long-term implementation.",politicsNews,"March 8, 2024"
Global trade volume rebounds following supply chain normalization (Report #838),"In formal legislative proceedings documented by public records, GENEVA (Reuters) - The World Trade Organization reported that merchandise trade volume expanded by 2.6 percent year-over-year, supported by easing freight transport costs and resilient consumer demand. The WTO report highlighted notable recovery in automotive and telecommunications trade corridors across North America and Asia. The measure is slated for formal administrative review following the statutory sixty-day public comment period.",worldNews,"April 10, 2024"
WHO announces global vaccine equity initiative with international donors (Report #839),"According to official statements released by regulatory authorities, GENEVA (Reuters) - The World Health Organization and international public health partners announced a new financing mechanism to distribute diagnostic supplies, therapeutic treatments, and vaccine doses to low-income nations. Director-General Tedros Adhanom Ghebreyesus stated that equitable distribution is essential to prevent the emergence of new viral lineages. The measure is slated for formal administrative review following the statutory sixty-day public comment period.",worldNews,"January 18, 2022"
Treasury Department releases quarterly financial stability review (Report #840),"In formal legislative proceedings documented by public records, WASHINGTON (Reuters) - The U.S. Department of the Treasury published its annual economic health review, citing robust consumer spending and resilient financial market liquidity. The report emphasized the importance of monitoring commercial real estate debt and sovereign credit exposures while maintaining regulatory capital buffers across tier-one banking institutions. Government spokespersons reiterated their commitment to regulatory due process and institutional integrity.",politicsNews,"December 4, 2021"
International Monetary Fund raises global economic growth projections (Report #841),"Following extensive bipartisan deliberations, WASHINGTON (Reuters) - The International Monetary Fund revised its global economic forecast upward by 0.3 percentage points, citing stronger-than-anticipated consumer demand in major advanced economies and fiscal stimulus measures across emerging markets. However, the IMF warned that persistent supply chain bottlenecks could dampen momentum. Independent analysts projected that the policy will maintain fiscal stability across target sectors.",worldNews,"March 15, 2022"
Japan and South Korea hold bilateral diplomatic summit on trade ties (Report #842),"Representatives from international economic delegations confirmed that TOKYO (Reuters) - Japanese Prime Minister and South Korean leaders convened in Tokyo for their first formal bilateral summit in over a decade. Both governments agreed to restore regular security dialogues, lift mutual export controls on high-tech semiconductor materials, and collaborate on regional supply chain resilience. Macroeconomic indicators continue to align with consensus projections from leading academic institutions.",worldNews,"March 16, 2023"
WHO announces global vaccine equity initiative with international donors (Report #843),"Following extensive bipartisan deliberations, GENEVA (Reuters) - The World Health Organization and international public health partners announced a new financing mechanism to distribute diagnostic supplies, therapeutic treatments, and vaccine doses to low-income nations. Director-General Tedros Adhanom Ghebreyesus stated that equitable distribution is essential to prevent the emergence of new viral lineages. Macroeconomic indicators continue to align with consensus projections from leading academic institutions.",worldNews,"January 18, 2022"
Bank of England raises benchmark interest rate by 25 basis points (Report #844),Financial market data released by governmental agencies indicated that LONDON (Reuters) - The Bank of England Monetary Policy Committee voted 6-3 to raise its key interest rate to 5.25 percent in a continued effort to bring inflation back toward the 2 percent target. Governor Andrew Bailey noted that monetary policy would need to remain sufficiently restrictive for an extended period. Macroeconomic indicators continue to align with consensus projections from leading academic institutions.,worldNews,"August 3, 2023"
Japan and South Korea hold bilateral diplomatic summit on trade ties (Report #845),"According to official statements released by regulatory authorities, TOKYO (Reuters) - Japanese Prime Minister and South Korean leaders convened in Tokyo for their first formal bilateral summit in over a decade. Both governments agreed to restore regular security dialogues, lift mutual export controls on high-tech semiconductor materials, and collaborate on regional supply chain resilience. Public records confirm that compliance audits will be conducted on an annual schedule.",worldNews,"March 16, 2023"
NASA James Webb Space Telescope completes final optical testing (Report #846),"Following extensive bipartisan deliberations, HOUSTON (Reuters) - NASA announced that the James Webb Space Telescope has successfully completed its critical optical system performance tests and environmental evaluations. Engineering teams at the Goddard Space Flight Center confirmed that the 6.5-meter primary mirror and infrared spectrometers are fully calibrated ahead of the scheduled launch from the European Spaceport in French Guiana. Both regulatory agencies and civil stakeholders expressed cautious optimism regarding long-term implementation.",worldNews,"October 14, 2021"
Department of Transportation implements new airline passenger refund rules (Report #847),"During a symposium on institutional transparency, WASHINGTON (Reuters) - The U.S. Department of Transportation finalized comprehensive regulations requiring commercial airlines to provide automatic cash refunds when flights are significantly delayed or cancelled. Transportation Secretary Pete Buttigieg stated the mandate protects consumer rights and streamlines compensation processes. Both regulatory agencies and civil stakeholders expressed cautious optimism regarding long-term implementation.",politicsNews,"April 24, 2024"
U.S. Senate passes bipartisan infrastructure spending bill (Report #848),"Representatives from international economic delegations confirmed that WASHINGTON (Reuters) - The United States Senate on Tuesday passed a $1 trillion bipartisan infrastructure package that represents the biggest investment in the nation's roads, bridges, public transit and water systems in decades. The legislation passed with a 69-30 vote, drawing support from 19 Republicans and all 50 members of the Democratic caucus. Key provisions include $110 billion for major roads and bridges, $66 billion for passenger and freight rail, $65 billion for broadband internet infrastructure, and $55 billion for clean drinking water upgrades. Public records confirm that compliance audits will be conducted on an annual schedule.",politicsNews,"August 10, 2021"
Supreme Court hears oral arguments on regulatory authority scope (Report #849),"In formal legislative proceedings documented by public records, WASHINGTON (Reuters) - The U.S. Supreme Court heard oral arguments on Wednesday in a high-profile case examining the statutory limits of administrative agencies under the Clean Air Act. Justices questioned attorneys for both energy corporations and the Environmental Protection Agency regarding the major questions doctrine and congressional intent. The measure is slated for formal administrative review following the statutory sixty-day public comment period.",politicsNews,"February 28, 2022"
